contrast_id,family,analysis_role,comparison_status,effect,ci95_image_clustered,excludes_zero,directional_rule_outcome,n_questions,n_unique_images,cluster_unit,n_resamples,rng_seed,training_seeds,across_training_seed_sd_ddof1,metric,analysis_status,source_artefact
E10/difference_in_differences,E10,PRIMARY,CLEAN_PAIRED_CONTROL,0.00445,-0.00709 0.01641,False,uncertain or mixed evidence,7714,768,represented development imageId,2000,0,0 1 2,0.01815,G21 pinned normalised exact match,READ_FROM_SOURCE,results/experiments/e10_capacity_360m_core/e10_core_analysis.json
E10/pretraining_effect/train_250k,E10,PRIMARY,CLEAN_PAIRED_CONTROL,-0.00238,-0.01071 0.00588,False,uncertain or mixed evidence,7714,768,represented development imageId,2000,0,0 1 2,0.01105,G21 pinned normalised exact match,READ_FROM_SOURCE,results/experiments/e10_capacity_360m_core/e10_core_analysis.json
E10/pretraining_effect/train_40k,E10,PRIMARY,CLEAN_PAIRED_CONTROL,-0.00683,-0.01508 0.00114,False,uncertain or mixed evidence,7714,768,represented development imageId,2000,0,0 1 2,0.00939,G21 pinned normalised exact match,READ_FROM_SOURCE,results/experiments/e10_capacity_360m_core/e10_core_analysis.json
E10/scale_effect_B4,E10,PRIMARY,CLEAN_PAIRED_CONTROL,0.06771,0.058 0.07738,True,positive directional evidence,7714,768,represented development imageId,2000,0,0 1 2,0.01208,G21 pinned normalised exact match,READ_FROM_SOURCE,results/experiments/e10_capacity_360m_core/e10_core_analysis.json
E10/scale_effect_B4r,E10,PRIMARY,CLEAN_PAIRED_CONTROL,0.06326,0.05287 0.07296,True,positive directional evidence,7714,768,represented development imageId,2000,0,0 1 2,0.00611,G21 pinned normalised exact match,READ_FROM_SOURCE,results/experiments/e10_capacity_360m_core/e10_core_analysis.json
E8A/A0p_minus_A1r/train_250k,E8A,SECONDARY,SYSTEM_LEVEL_COMPARISON,0.06966,0.05951 0.0792,True,positive directional evidence,7714,768,represented development imageId,2000,0,0 1 2,0.00481,G21 pinned normalised exact match,READ_FROM_SOURCE,results/experiments/e8a_question_encoder/core_analysis_g21.json
E8A/A0p_minus_A1r/train_40k,E8A,SECONDARY,SYSTEM_LEVEL_COMPARISON,0.05004,0.04144 0.05864,True,positive directional evidence,7714,768,represented development imageId,2000,0,0 1 2,0.00546,G21 pinned normalised exact match,READ_FROM_SOURCE,results/experiments/e8a_question_encoder/core_analysis_g21.json
E8A/A1_minus_A0p/train_250k,E8A,SECONDARY,REPRESENTATION_CONFOUNDED,-0.0213,-0.02983 -0.01253,True,negative directional evidence,7714,768,represented development imageId,2000,0,0 1 2,0.0014,G21 pinned normalised exact match,READ_FROM_SOURCE,results/experiments/e8a_question_encoder/core_analysis_g21.json
E8A/A1_minus_A0p/train_40k,E8A,SECONDARY,REPRESENTATION_CONFOUNDED,-0.01184,-0.01996 -0.00427,True,negative directional evidence,7714,768,represented development imageId,2000,0,0 1 2,0.00143,G21 pinned normalised exact match,READ_FROM_SOURCE,results/experiments/e8a_question_encoder/core_analysis_g21.json
E8A/A1_minus_A1r/train_250k,E8A,PRIMARY,CLEAN_PAIRED_CONTROL,0.04835,0.03935 0.05803,True,positive directional evidence,7714,768,represented development imageId,2000,0,0 1 2,0.00345,G21 pinned normalised exact match,READ_FROM_SOURCE,results/experiments/e8a_question_encoder/core_analysis_g21.json
E8A/A1_minus_A1r/train_40k,E8A,PRIMARY,CLEAN_PAIRED_CONTROL,0.0382,0.02947 0.0468,True,positive directional evidence,7714,768,represented development imageId,2000,0,0 1 2,0.00419,G21 pinned normalised exact match,READ_FROM_SOURCE,results/experiments/e8a_question_encoder/core_analysis_g21.json
E8B/B2 - B1/train_250k,E8B,SECONDARY,SYSTEM_LEVEL_COMPARISON,0.00691,-0.00112 0.01491,False,uncertain or mixed evidence,7714,768,represented development imageId,2000,0,0 1 2,,G21 pinned normalised exact match,READ_FROM_SOURCE,results/experiments/e8b_readout_generation/e8b_final_report_20260810.json
E8B/B2 - B1/train_40k,E8B,SECONDARY,SYSTEM_LEVEL_COMPARISON,-0.01115,-0.01965 -0.00299,True,negative directional evidence,7714,768,represented development imageId,2000,0,0 1 2,,G21 pinned normalised exact match,READ_FROM_SOURCE,results/experiments/e8b_readout_generation/e8b_final_report_20260810.json
E8B/B3 - B1/train_250k,E8B,SECONDARY,SYSTEM_LEVEL_COMPARISON,0.00216,-0.00511 0.00952,False,uncertain or mixed evidence,7714,768,represented development imageId,2000,0,0 1 2,,G21 pinned normalised exact match,READ_FROM_SOURCE,results/experiments/e8b_readout_generation/e8b_final_report_20260810.json
E8B/B3 - B1/train_40k,E8B,SECONDARY,SYSTEM_LEVEL_COMPARISON,-0.03578,-0.0442 -0.02749,True,negative directional evidence,7714,768,represented development imageId,2000,0,0 1 2,,G21 pinned normalised exact match,READ_FROM_SOURCE,results/experiments/e8b_readout_generation/e8b_final_report_20260810.json
E8B/B3 - B2/train_250k,E8B,PRIMARY,CLEAN_PAIRED_CONTROL,-0.00475,-0.01208 0.00297,False,uncertain or mixed evidence,7714,768,represented development imageId,2000,0,0 1 2,,G21 pinned normalised exact match,READ_FROM_SOURCE,results/experiments/e8b_readout_generation/e8b_final_report_20260810.json
E8B/B3 - B2/train_40k,E8B,PRIMARY,CLEAN_PAIRED_CONTROL,-0.02463,-0.03333 -0.01619,True,negative directional evidence,7714,768,represented development imageId,2000,0,0 1 2,,G21 pinned normalised exact match,READ_FROM_SOURCE,results/experiments/e8b_readout_generation/e8b_final_report_20260810.json
E8B/image_reliance/B1/train_250k,E8B,SECONDARY,CLEAN_PAIRED_CONTROL,0.11752,0.10654 0.12915,True,positive directional evidence,7714,768,represented development imageId,2000,0,0 1 2,,G21 pinned normalised exact match,READ_FROM_SOURCE,results/experiments/e8b_readout_generation/e8b_final_report_20260810.json
E8B/image_reliance/B1/train_40k,E8B,SECONDARY,CLEAN_PAIRED_CONTROL,0.09166,0.08153 0.10227,True,positive directional evidence,7714,768,represented development imageId,2000,0,0 1 2,,G21 pinned normalised exact match,READ_FROM_SOURCE,results/experiments/e8b_readout_generation/e8b_final_report_20260810.json
E8B/image_reliance/B2/train_250k,E8B,SECONDARY,CLEAN_PAIRED_CONTROL,0.12598,0.11477 0.1375,True,positive directional evidence,7714,768,represented development imageId,2000,0,0 1 2,,G21 pinned normalised exact match,READ_FROM_SOURCE,results/experiments/e8b_readout_generation/e8b_final_report_20260810.json
E8B/image_reliance/B2/train_40k,E8B,SECONDARY,CLEAN_PAIRED_CONTROL,0.0861,0.07515 0.09776,True,positive directional evidence,7714,768,represented development imageId,2000,0,0 1 2,,G21 pinned normalised exact match,READ_FROM_SOURCE,results/experiments/e8b_readout_generation/e8b_final_report_20260810.json
E8B/image_reliance/B3/train_250k,E8B,SECONDARY,CLEAN_PAIRED_CONTROL,0.12275,0.11146 0.13443,True,positive directional evidence,7714,768,represented development imageId,2000,0,0 1 2,,G21 pinned normalised exact match,READ_FROM_SOURCE,results/experiments/e8b_readout_generation/e8b_final_report_20260810.json
E8B/image_reliance/B3/train_40k,E8B,SECONDARY,CLEAN_PAIRED_CONTROL,0.08443,0.07447 0.09506,True,positive directional evidence,7714,768,represented development imageId,2000,0,0 1 2,,G21 pinned normalised exact match,READ_FROM_SOURCE,results/experiments/e8b_readout_generation/e8b_final_report_20260810.json
E8B/scale_effect_B1,E8B,SECONDARY,CLEAN_PAIRED_CONTROL,0.04887,0.03943 0.05801,True,positive directional evidence,7714,768,represented development imageId,2000,0,0 1 2,,G21 pinned normalised exact match,READ_FROM_SOURCE,results/experiments/e8b_readout_generation/e8b_final_report_20260810.json
E8B/scale_effect_B2,E8B,SECONDARY,CLEAN_PAIRED_CONTROL,0.06693,0.05683 0.07633,True,positive directional evidence,7714,768,represented development imageId,2000,0,0 1 2,,G21 pinned normalised exact match,READ_FROM_SOURCE,results/experiments/e8b_readout_generation/e8b_final_report_20260810.json
E8B/scale_effect_B3,E8B,SECONDARY,CLEAN_PAIRED_CONTROL,0.08681,0.07781 0.0964,True,positive directional evidence,7714,768,represented development imageId,2000,0,0 1 2,,G21 pinned normalised exact match,READ_FROM_SOURCE,results/experiments/e8b_readout_generation/e8b_final_report_20260810.json
e2/concat_minus_question_only/train_250k,e2,SECONDARY,CAPACITY_CONFOUNDED,0.0894,0.07692 0.10131,True,,7714,768,represented development imageId,2000,0,0 1 2 3 42,0.00699,v2_closed_vocab_top1_index_match,COMPUTED_FROM_REPRODUCED_ROW_EVIDENCE,results/closure/reconstructed_statistics.json
e2/concat_minus_question_only/train_40k,e2,SECONDARY,CAPACITY_CONFOUNDED,0.07327,0.06128 0.08566,True,,7714,768,represented development imageId,2000,0,0 1 2 3 42,0.00477,v2_closed_vocab_top1_index_match,COMPUTED_FROM_REPRODUCED_ROW_EVIDENCE,results/closure/reconstructed_statistics.json
e2/fusion_minus_concat/train_250k,e2,SECONDARY,CAPACITY_CONFOUNDED,0.00213,-0.00387 0.00804,False,,7714,768,represented development imageId,2000,0,0 1 2 3 42,0.0024,v2_closed_vocab_top1_index_match,COMPUTED_FROM_REPRODUCED_ROW_EVIDENCE,results/closure/reconstructed_statistics.json
e2/fusion_minus_concat/train_40k,e2,SECONDARY,CAPACITY_CONFOUNDED,0.01377,0.00674 0.02051,True,,7714,768,represented development imageId,2000,0,0 1 2 3 42,0.00345,v2_closed_vocab_top1_index_match,COMPUTED_FROM_REPRODUCED_ROW_EVIDENCE,results/closure/reconstructed_statistics.json
e2/product_minus_concat/train_250k,e2,SECONDARY,CAPACITY_CONFOUNDED,0.00627,0.00069 0.01182,True,,7714,768,represented development imageId,2000,0,0 1 2 3 42,0.0057,v2_closed_vocab_top1_index_match,COMPUTED_FROM_REPRODUCED_ROW_EVIDENCE,results/closure/reconstructed_statistics.json
e2/product_minus_concat/train_40k,e2,SECONDARY,CAPACITY_CONFOUNDED,0.01089,0.00618 0.01585,True,,7714,768,represented development imageId,2000,0,0 1 2 3 42,0.00542,v2_closed_vocab_top1_index_match,COMPUTED_FROM_REPRODUCED_ROW_EVIDENCE,results/closure/reconstructed_statistics.json
e2/siglip_minus_clip_concat/train_40k,e2,SECONDARY,REPRESENTATION_CONFOUNDED,0.0154,0.00592 0.02481,True,,7714,768,represented development imageId,2000,0,0 1 2 3 42,0.00308,v2_closed_vocab_top1_index_match,COMPUTED_FROM_REPRODUCED_ROW_EVIDENCE,results/closure/reconstructed_statistics.json
e2/siglip_minus_clip_fusion/train_40k,e2,SECONDARY,REPRESENTATION_CONFOUNDED,0.01475,0.00601 0.02401,True,,7714,768,represented development imageId,2000,0,0 1 2 3 42,0.00298,v2_closed_vocab_top1_index_match,COMPUTED_FROM_REPRODUCED_ROW_EVIDENCE,results/closure/reconstructed_statistics.json
e2/siglip_minus_clip_product/train_40k,e2,SECONDARY,REPRESENTATION_CONFOUNDED,0.01356,0.00403 0.02282,True,,7714,768,represented development imageId,2000,0,0 1 2 3 42,0.00346,v2_closed_vocab_top1_index_match,COMPUTED_FROM_REPRODUCED_ROW_EVIDENCE,results/closure/reconstructed_statistics.json
e2/siglip_minus_clip_question_only/train_40k,e2,SECONDARY,REPRESENTATION_CONFOUNDED,0.00814,-6e-05 0.01586,False,,7714,768,represented development imageId,2000,0,0 1 2 3 42,0.0019,v2_closed_vocab_top1_index_match,COMPUTED_FROM_REPRODUCED_ROW_EVIDENCE,results/closure/reconstructed_statistics.json
e3/concat_minus_question_only/train_250k,e3,SECONDARY,CAPACITY_CONFOUNDED,0.08486,0.07413 0.09498,True,,9823,776,represented development imageId,2000,0,0 1 2 3 42,0.00287,v2_closed_vocab_top1_index_match,COMPUTED_FROM_REPRODUCED_ROW_EVIDENCE,results/closure/reconstructed_statistics.json
e3/concat_minus_question_only/train_40k,e3,SECONDARY,CAPACITY_CONFOUNDED,0.06523,0.05578 0.07423,True,,9823,776,represented development imageId,2000,0,0 1 2 3 42,0.0024,v2_closed_vocab_top1_index_match,COMPUTED_FROM_REPRODUCED_ROW_EVIDENCE,results/closure/reconstructed_statistics.json
e3/fusion_minus_concat/train_250k,e3,SECONDARY,CAPACITY_CONFOUNDED,0.00436,-0.00138 0.00995,False,,9823,776,represented development imageId,2000,0,0 1 2 3 42,0.00387,v2_closed_vocab_top1_index_match,COMPUTED_FROM_REPRODUCED_ROW_EVIDENCE,results/closure/reconstructed_statistics.json
e3/fusion_minus_concat/train_40k,e3,SECONDARY,CAPACITY_CONFOUNDED,0.01429,0.00871 0.02022,True,,9823,776,represented development imageId,2000,0,0 1 2 3 42,0.00271,v2_closed_vocab_top1_index_match,COMPUTED_FROM_REPRODUCED_ROW_EVIDENCE,results/closure/reconstructed_statistics.json
e3/product_minus_concat/train_250k,e3,SECONDARY,CAPACITY_CONFOUNDED,0.00835,0.00334 0.01286,True,,9823,776,represented development imageId,2000,0,0 1 2 3 42,0.00313,v2_closed_vocab_top1_index_match,COMPUTED_FROM_REPRODUCED_ROW_EVIDENCE,results/closure/reconstructed_statistics.json
e3/product_minus_concat/train_40k,e3,SECONDARY,CAPACITY_CONFOUNDED,0.0112,0.00745 0.01502,True,,9823,776,represented development imageId,2000,0,0 1 2 3 42,0.00287,v2_closed_vocab_top1_index_match,COMPUTED_FROM_REPRODUCED_ROW_EVIDENCE,results/closure/reconstructed_statistics.json
v2_02/concat_minus_question_only/train_40k,v2_02,PRIMARY,CAPACITY_CONFOUNDED,0.06601,0.05395 0.07747,True,,7714,768,represented development imageId,2000,0,0 1 2 3 42,0.00318,v2_closed_vocab_top1_index_match,COMPUTED_FROM_REPRODUCED_ROW_EVIDENCE,results/closure/reconstructed_statistics.json
v2_02/fusion_minus_concat/train_40k,v2_02,PRIMARY,CAPACITY_CONFOUNDED,0.01442,0.00794 0.02095,True,,7714,768,represented development imageId,2000,0,0 1 2 3 42,0.00141,v2_closed_vocab_top1_index_match,COMPUTED_FROM_REPRODUCED_ROW_EVIDENCE,results/closure/reconstructed_statistics.json
v2_03/concat_wide_minus_concat/train_40k,v2_03,PRIMARY,CLEAN_PAIRED_CONTROL,0.00863,0.00376 0.01378,True,,7714,768,represented development imageId,2000,0,0 1 2 3 42,0.00302,v2_closed_vocab_top1_index_match,COMPUTED_FROM_REPRODUCED_ROW_EVIDENCE,results/closure/reconstructed_statistics.json
v2_03/fusion_minus_concat_wide/train_40k,v2_03,PRIMARY,CLEAN_PAIRED_CONTROL,0.00578,-0.00116 0.01226,False,,7714,768,represented development imageId,2000,0,0 1 2 3 42,0.00298,v2_closed_vocab_top1_index_match,COMPUTED_FROM_REPRODUCED_ROW_EVIDENCE,results/closure/reconstructed_statistics.json
v2_03/fusion_minus_fusion_narrow/train_40k,v2_03,PRIMARY,CLEAN_PAIRED_CONTROL,0.00498,0.00025 0.00967,True,,7714,768,represented development imageId,2000,0,0 1 2 3 42,0.0017,v2_closed_vocab_top1_index_match,COMPUTED_FROM_REPRODUCED_ROW_EVIDENCE,results/closure/reconstructed_statistics.json
v2_03/fusion_narrow_minus_concat/train_40k,v2_03,PRIMARY,CLEAN_PAIRED_CONTROL,0.00944,0.00285 0.01592,True,,7714,768,represented development imageId,2000,0,0 1 2 3 42,0.00175,v2_closed_vocab_top1_index_match,COMPUTED_FROM_REPRODUCED_ROW_EVIDENCE,results/closure/reconstructed_statistics.json
v2_04/difference_576k_minus_concat/train_40k,v2_04,SECONDARY,CLEAN_PAIRED_CONTROL,0.00944,0.00338 0.01569,True,,7714,768,represented development imageId,2000,0,0 1 2 3 42,0.00355,v2_closed_vocab_top1_index_match,COMPUTED_FROM_REPRODUCED_ROW_EVIDENCE,results/closure/reconstructed_statistics.json
v2_04/difference_natural_minus_concat/train_40k,v2_04,SECONDARY,CAPACITY_CONFOUNDED,0.01001,0.0037 0.01626,True,,7714,768,represented development imageId,2000,0,0 1 2 3 42,0.00282,v2_closed_vocab_top1_index_match,COMPUTED_FROM_REPRODUCED_ROW_EVIDENCE,results/closure/reconstructed_statistics.json
v2_04/fusion_minus_difference_natural/train_40k,v2_04,SECONDARY,CAPACITY_CONFOUNDED,0.00441,0.00077 0.00784,True,,7714,768,represented development imageId,2000,0,0 1 2 3 42,0.00217,v2_closed_vocab_top1_index_match,COMPUTED_FROM_REPRODUCED_ROW_EVIDENCE,results/closure/reconstructed_statistics.json
v2_04/fusion_minus_product_natural/train_40k,v2_04,SECONDARY,CAPACITY_CONFOUNDED,0.00169,-0.00383 0.00734,False,,7714,768,represented development imageId,2000,0,0 1 2 3 42,0.00232,v2_closed_vocab_top1_index_match,COMPUTED_FROM_REPRODUCED_ROW_EVIDENCE,results/closure/reconstructed_statistics.json
v2_04/fusion_narrow_minus_difference_576k/train_40k,v2_04,SECONDARY,CLEAN_PAIRED_CONTROL,-0.0,-0.00402 0.00398,False,,7714,768,represented development imageId,2000,0,0 1 2 3 42,0.00204,v2_closed_vocab_top1_index_match,COMPUTED_FROM_REPRODUCED_ROW_EVIDENCE,results/closure/reconstructed_statistics.json
v2_04/fusion_narrow_minus_product_576k/train_40k,v2_04,SECONDARY,CLEAN_PAIRED_CONTROL,-0.00013,-0.00654 0.00551,False,,7714,768,represented development imageId,2000,0,0 1 2 3 42,0.00293,v2_closed_vocab_top1_index_match,COMPUTED_FROM_REPRODUCED_ROW_EVIDENCE,results/closure/reconstructed_statistics.json
v2_04/product_576k_minus_concat/train_40k,v2_04,SECONDARY,CLEAN_PAIRED_CONTROL,0.00957,0.00495 0.01415,True,,7714,768,represented development imageId,2000,0,0 1 2 3 42,0.00342,v2_closed_vocab_top1_index_match,COMPUTED_FROM_REPRODUCED_ROW_EVIDENCE,results/closure/reconstructed_statistics.json
v2_04/product_576k_minus_difference_576k/train_40k,v2_04,SECONDARY,CLEAN_PAIRED_CONTROL,0.00013,-0.00552 0.00569,False,,7714,768,represented development imageId,2000,0,0 1 2 3 42,0.00278,v2_closed_vocab_top1_index_match,COMPUTED_FROM_REPRODUCED_ROW_EVIDENCE,results/closure/reconstructed_statistics.json
v2_04/product_natural_minus_concat/train_40k,v2_04,SECONDARY,CAPACITY_CONFOUNDED,0.01273,0.00811 0.01741,True,,7714,768,represented development imageId,2000,0,0 1 2 3 42,0.00284,v2_closed_vocab_top1_index_match,COMPUTED_FROM_REPRODUCED_ROW_EVIDENCE,results/closure/reconstructed_statistics.json
v2_06/concat/drop_shuffled/train_40k,v2_06,PRIMARY,CLEAN_PAIRED_CONTROL,0.11709,0.10295 0.13035,True,,7714,768,represented development imageId,2000,0,0 1 2 3 42,0.0049,v2_closed_vocab_top1_index_match,COMPUTED_FROM_REPRODUCED_ROW_EVIDENCE,results/closure/reconstructed_statistics.json
v2_06/concat/drop_zeroed/train_40k,v2_06,PRIMARY,CLEAN_PAIRED_CONTROL,0.09987,0.08697 0.11228,True,,7714,768,represented development imageId,2000,0,0 1 2 3 42,0.004,v2_closed_vocab_top1_index_match,COMPUTED_FROM_REPRODUCED_ROW_EVIDENCE,results/closure/reconstructed_statistics.json
v2_06/fusion/drop_shuffled/train_40k,v2_06,PRIMARY,CLEAN_PAIRED_CONTROL,0.1427,0.12769 0.15759,True,,7714,768,represented development imageId,2000,0,0 1 2 3 42,0.00239,v2_closed_vocab_top1_index_match,COMPUTED_FROM_REPRODUCED_ROW_EVIDENCE,results/closure/reconstructed_statistics.json
v2_06/fusion/drop_zeroed/train_40k,v2_06,PRIMARY,CLEAN_PAIRED_CONTROL,0.1188,0.10403 0.13305,True,,7714,768,represented development imageId,2000,0,0 1 2 3 42,0.00514,v2_closed_vocab_top1_index_match,COMPUTED_FROM_REPRODUCED_ROW_EVIDENCE,results/closure/reconstructed_statistics.json
v2_06/image_only/drop_shuffled/train_40k,v2_06,PRIMARY,CLEAN_PAIRED_CONTROL,0.02362,0.01565 0.03154,True,,7714,768,represented development imageId,2000,0,0 1 2 3 42,0.01023,v2_closed_vocab_top1_index_match,COMPUTED_FROM_REPRODUCED_ROW_EVIDENCE,results/closure/reconstructed_statistics.json
v2_06/image_only/drop_zeroed/train_40k,v2_06,PRIMARY,CLEAN_PAIRED_CONTROL,0.0085,-0.00093 0.01774,False,,7714,768,represented development imageId,2000,0,0 1 2 3 42,0.00274,v2_closed_vocab_top1_index_match,COMPUTED_FROM_REPRODUCED_ROW_EVIDENCE,results/closure/reconstructed_statistics.json
v2_06/product_576k/drop_shuffled/train_40k,v2_06,PRIMARY,CLEAN_PAIRED_CONTROL,0.12816,0.11355 0.14209,True,,7714,768,represented development imageId,2000,0,0 1 2 3 42,0.00328,v2_closed_vocab_top1_index_match,COMPUTED_FROM_REPRODUCED_ROW_EVIDENCE,results/closure/reconstructed_statistics.json
v2_06/product_576k/drop_zeroed/train_40k,v2_06,PRIMARY,CLEAN_PAIRED_CONTROL,0.11242,0.09854 0.12576,True,,7714,768,represented development imageId,2000,0,0 1 2 3 42,0.00453,v2_closed_vocab_top1_index_match,COMPUTED_FROM_REPRODUCED_ROW_EVIDENCE,results/closure/reconstructed_statistics.json
v2_06/question_only/drop_shuffled/train_40k,v2_06,PRIMARY,CLEAN_PAIRED_CONTROL,0.0,0.0 0.0,False,,7714,768,represented development imageId,2000,0,0 1 2 3 42,0.0,v2_closed_vocab_top1_index_match,COMPUTED_FROM_REPRODUCED_ROW_EVIDENCE,results/closure/reconstructed_statistics.json
v2_06/question_only/drop_zeroed/train_40k,v2_06,PRIMARY,CLEAN_PAIRED_CONTROL,0.0,0.0 0.0,False,,7714,768,represented development imageId,2000,0,0 1 2 3 42,0.0,v2_closed_vocab_top1_index_match,COMPUTED_FROM_REPRODUCED_ROW_EVIDENCE,results/closure/reconstructed_statistics.json
v3_02a/reasoner_minus_fusion_deficit/train_40k,v3_02a,PRIMARY,SYSTEM_LEVEL_COMPARISON,0.00473,-0.00672 0.01702,False,,7714,768,represented development imageId,2000,0,0 1 2,,v2_closed_vocab_top1_index_match,READ_FROM_SOURCE,results/experiments/v3_02a_refs/step_statistics.json
v3_03/reasoner_minus_fusion_deficit/train_100k,v3_03,PRIMARY,SYSTEM_LEVEL_COMPARISON,-0.00037,-0.01211 0.01057,False,,7714,768,represented development imageId,2000,0,0 1 2,,v2_closed_vocab_top1_index_match,READ_FROM_SOURCE,results/experiments/v3_03_scaling/results.json
v3_03/reasoner_minus_fusion_deficit/train_250k,v3_03,PRIMARY,SYSTEM_LEVEL_COMPARISON,-0.00275,-0.01323 0.0076,False,,7714,768,represented development imageId,2000,0,0 1 2,,v2_closed_vocab_top1_index_match,READ_FROM_SOURCE,results/experiments/v3_03_scaling/results.json
