slice_id,family,arm,scale,slice_kind,slice,quantity,point_estimate,ci95_image_clustered,n_questions,n_unique_images,cluster_unit,counts_provenance,n_resamples,rng_seed,training_seeds,across_training_seed_sd_ddof1,metric,analysis_role,comparison_status,source
E8A/A0p/train_250k/semantic:attr/accuracy,E8A,A0p,train_250k,semantic,attr,accuracy,0.51395,0.50017 0.52779,2964,691,represented development imageId,INFERENCE,2000,0,0 1 2,0.00152,G21 pinned normalised exact match,DIAGNOSTIC,DESCRIPTIVE_ONLY,results/experiments/e8a_question_encoder/core_analysis_g21.json
E8A/A0p/train_250k/semantic:cat/accuracy,E8A,A0p,train_250k,semantic,cat,accuracy,0.63857,0.58923 0.68417,439,219,represented development imageId,INFERENCE,2000,0,0 1 2,0.01517,G21 pinned normalised exact match,DIAGNOSTIC,DESCRIPTIVE_ONLY,results/experiments/e8a_question_encoder/core_analysis_g21.json
E8A/A0p/train_250k/semantic:global/accuracy,E8A,A0p,train_250k,semantic,global,accuracy,0.8589,0.81045 0.90389,163,133,represented development imageId,INFERENCE,2000,0,0 1 2,0.01623,G21 pinned normalised exact match,DIAGNOSTIC,DESCRIPTIVE_ONLY,results/experiments/e8a_question_encoder/core_analysis_g21.json
E8A/A0p/train_250k/semantic:obj/accuracy,E8A,A0p,train_250k,semantic,obj,accuracy,0.72108,0.70117 0.74087,1170,547,represented development imageId,INFERENCE,2000,0,0 1 2,0.00522,G21 pinned normalised exact match,DIAGNOSTIC,DESCRIPTIVE_ONLY,results/experiments/e8a_question_encoder/core_analysis_g21.json
E8A/A0p/train_250k/semantic:rel/accuracy,E8A,A0p,train_250k,semantic,rel,accuracy,0.60387,0.58426 0.62269,2978,570,represented development imageId,INFERENCE,2000,0,0 1 2,0.00097,G21 pinned normalised exact match,DIAGNOSTIC,DESCRIPTIVE_ONLY,results/experiments/e8a_question_encoder/core_analysis_g21.json
E8A/A0p/train_250k/steps:3/accuracy,E8A,A0p,train_250k,steps,3,accuracy,0.55536,0.53992 0.57135,3330,658,represented development imageId,INFERENCE,2000,0,0 1 2,0.00796,G21 pinned normalised exact match,DIAGNOSTIC,DESCRIPTIVE_ONLY,results/experiments/e8a_question_encoder/core_analysis_g21.json
E8A/A0p/train_250k/steps:4/accuracy,E8A,A0p,train_250k,steps,4,accuracy,0.5728,0.54215 0.60215,870,396,represented development imageId,INFERENCE,2000,0,0 1 2,0.02018,G21 pinned normalised exact match,DIAGNOSTIC,DESCRIPTIVE_ONLY,results/experiments/e8a_question_encoder/core_analysis_g21.json
E8A/A0p/train_250k/steps:<=2/accuracy,E8A,A0p,train_250k,steps,<=2,accuracy,0.60097,0.58492 0.61661,2400,674,represented development imageId,INFERENCE,2000,0,0 1 2,0.00347,G21 pinned normalised exact match,DIAGNOSTIC,DESCRIPTIVE_ONLY,results/experiments/e8a_question_encoder/core_analysis_g21.json
E8A/A0p/train_250k/steps:>=5/accuracy,E8A,A0p,train_250k,steps,>=5,accuracy,0.71424,0.69256 0.7358,1114,531,represented development imageId,INFERENCE,2000,0,0 1 2,0.00226,G21 pinned normalised exact match,DIAGNOSTIC,DESCRIPTIVE_ONLY,results/experiments/e8a_question_encoder/core_analysis_g21.json
E8A/A0p/train_250k/structural:choose/accuracy,E8A,A0p,train_250k,structural,choose,accuracy,0.67115,0.64953 0.69314,1042,465,represented development imageId,INFERENCE,2000,0,0 1 2,0.01153,G21 pinned normalised exact match,DIAGNOSTIC,DESCRIPTIVE_ONLY,results/experiments/e8a_question_encoder/core_analysis_g21.json
E8A/A0p/train_250k/structural:compare/accuracy,E8A,A0p,train_250k,structural,compare,accuracy,0.59934,0.56311 0.63574,302,226,represented development imageId,INFERENCE,2000,0,0 1 2,0.01194,G21 pinned normalised exact match,DIAGNOSTIC,DESCRIPTIVE_ONLY,results/experiments/e8a_question_encoder/core_analysis_g21.json
E8A/A0p/train_250k/structural:logical/accuracy,E8A,A0p,train_250k,structural,logical,accuracy,0.69552,0.67546 0.71566,1236,561,represented development imageId,INFERENCE,2000,0,0 1 2,0.01024,G21 pinned normalised exact match,DIAGNOSTIC,DESCRIPTIVE_ONLY,results/experiments/e8a_question_encoder/core_analysis_g21.json
E8A/A0p/train_250k/structural:query/accuracy,E8A,A0p,train_250k,structural,query,accuracy,0.51847,0.49685 0.5405,3104,687,represented development imageId,INFERENCE,2000,0,0 1 2,0.01209,G21 pinned normalised exact match,DIAGNOSTIC,DESCRIPTIVE_ONLY,results/experiments/e8a_question_encoder/core_analysis_g21.json
E8A/A0p/train_250k/structural:verify/accuracy,E8A,A0p,train_250k,structural,verify,accuracy,0.60903,0.59372 0.6242,2030,615,represented development imageId,INFERENCE,2000,0,0 1 2,0.00828,G21 pinned normalised exact match,DIAGNOSTIC,DESCRIPTIVE_ONLY,results/experiments/e8a_question_encoder/core_analysis_g21.json
E8A/A0p/train_40k/semantic:attr/accuracy,E8A,A0p,train_40k,semantic,attr,accuracy,0.48201,0.46877 0.496,2964,691,represented development imageId,INFERENCE,2000,0,0 1 2,0.00624,G21 pinned normalised exact match,DIAGNOSTIC,DESCRIPTIVE_ONLY,results/experiments/e8a_question_encoder/core_analysis_g21.json
E8A/A0p/train_40k/semantic:cat/accuracy,E8A,A0p,train_40k,semantic,cat,accuracy,0.58466,0.53364 0.63377,439,219,represented development imageId,INFERENCE,2000,0,0 1 2,0.02338,G21 pinned normalised exact match,DIAGNOSTIC,DESCRIPTIVE_ONLY,results/experiments/e8a_question_encoder/core_analysis_g21.json
E8A/A0p/train_40k/semantic:global/accuracy,E8A,A0p,train_40k,semantic,global,accuracy,0.81595,0.76534 0.8667,163,133,represented development imageId,INFERENCE,2000,0,0 1 2,0.01063,G21 pinned normalised exact match,DIAGNOSTIC,DESCRIPTIVE_ONLY,results/experiments/e8a_question_encoder/core_analysis_g21.json
E8A/A0p/train_40k/semantic:obj/accuracy,E8A,A0p,train_40k,semantic,obj,accuracy,0.62194,0.60143 0.64301,1170,547,represented development imageId,INFERENCE,2000,0,0 1 2,0.0168,G21 pinned normalised exact match,DIAGNOSTIC,DESCRIPTIVE_ONLY,results/experiments/e8a_question_encoder/core_analysis_g21.json
E8A/A0p/train_40k/semantic:rel/accuracy,E8A,A0p,train_40k,semantic,rel,accuracy,0.545,0.52537 0.56501,2978,570,represented development imageId,INFERENCE,2000,0,0 1 2,0.02182,G21 pinned normalised exact match,DIAGNOSTIC,DESCRIPTIVE_ONLY,results/experiments/e8a_question_encoder/core_analysis_g21.json
E8A/A0p/train_40k/steps:3/accuracy,E8A,A0p,train_40k,steps,3,accuracy,0.50731,0.49094 0.52392,3330,658,represented development imageId,INFERENCE,2000,0,0 1 2,0.00313,G21 pinned normalised exact match,DIAGNOSTIC,DESCRIPTIVE_ONLY,results/experiments/e8a_question_encoder/core_analysis_g21.json
E8A/A0p/train_40k/steps:4/accuracy,E8A,A0p,train_40k,steps,4,accuracy,0.53295,0.50381 0.56314,870,396,represented development imageId,INFERENCE,2000,0,0 1 2,0.03035,G21 pinned normalised exact match,DIAGNOSTIC,DESCRIPTIVE_ONLY,results/experiments/e8a_question_encoder/core_analysis_g21.json
E8A/A0p/train_40k/steps:<=2/accuracy,E8A,A0p,train_40k,steps,<=2,accuracy,0.55125,0.53467 0.56767,2400,674,represented development imageId,INFERENCE,2000,0,0 1 2,0.00711,G21 pinned normalised exact match,DIAGNOSTIC,DESCRIPTIVE_ONLY,results/experiments/e8a_question_encoder/core_analysis_g21.json
E8A/A0p/train_40k/steps:>=5/accuracy,E8A,A0p,train_40k,steps,>=5,accuracy,0.62208,0.60188 0.64383,1114,531,represented development imageId,INFERENCE,2000,0,0 1 2,0.01855,G21 pinned normalised exact match,DIAGNOSTIC,DESCRIPTIVE_ONLY,results/experiments/e8a_question_encoder/core_analysis_g21.json
E8A/A0p/train_40k/structural:choose/accuracy,E8A,A0p,train_40k,structural,choose,accuracy,0.62572,0.60375 0.64822,1042,465,represented development imageId,INFERENCE,2000,0,0 1 2,0.0158,G21 pinned normalised exact match,DIAGNOSTIC,DESCRIPTIVE_ONLY,results/experiments/e8a_question_encoder/core_analysis_g21.json
E8A/A0p/train_40k/structural:compare/accuracy,E8A,A0p,train_40k,structural,compare,accuracy,0.60375,0.5625 0.64422,302,226,represented development imageId,INFERENCE,2000,0,0 1 2,0.03978,G21 pinned normalised exact match,DIAGNOSTIC,DESCRIPTIVE_ONLY,results/experiments/e8a_question_encoder/core_analysis_g21.json
E8A/A0p/train_40k/structural:logical/accuracy,E8A,A0p,train_40k,structural,logical,accuracy,0.60518,0.58479 0.62612,1236,561,represented development imageId,INFERENCE,2000,0,0 1 2,0.01624,G21 pinned normalised exact match,DIAGNOSTIC,DESCRIPTIVE_ONLY,results/experiments/e8a_question_encoder/core_analysis_g21.json
E8A/A0p/train_40k/structural:query/accuracy,E8A,A0p,train_40k,structural,query,accuracy,0.47541,0.45461 0.4981,3104,687,represented development imageId,INFERENCE,2000,0,0 1 2,0.01202,G21 pinned normalised exact match,DIAGNOSTIC,DESCRIPTIVE_ONLY,results/experiments/e8a_question_encoder/core_analysis_g21.json
E8A/A0p/train_40k/structural:verify/accuracy,E8A,A0p,train_40k,structural,verify,accuracy,0.54729,0.53109 0.56323,2030,615,represented development imageId,INFERENCE,2000,0,0 1 2,0.01234,G21 pinned normalised exact match,DIAGNOSTIC,DESCRIPTIVE_ONLY,results/experiments/e8a_question_encoder/core_analysis_g21.json
E8A/A1/train_250k/semantic:attr/accuracy,E8A,A1,train_250k,semantic,attr,accuracy,0.50124,0.48818 0.51424,2964,691,represented development imageId,INFERENCE,2000,0,0 1 2,0.01282,G21 pinned normalised exact match,DIAGNOSTIC,DESCRIPTIVE_ONLY,results/experiments/e8a_question_encoder/core_analysis_g21.json
E8A/A1/train_250k/semantic:cat/accuracy,E8A,A1,train_250k,semantic,cat,accuracy,0.61731,0.56674 0.66594,439,219,represented development imageId,INFERENCE,2000,0,0 1 2,0.02762,G21 pinned normalised exact match,DIAGNOSTIC,DESCRIPTIVE_ONLY,results/experiments/e8a_question_encoder/core_analysis_g21.json
E8A/A1/train_250k/semantic:global/accuracy,E8A,A1,train_250k,semantic,global,accuracy,0.86094,0.81687 0.90357,163,133,represented development imageId,INFERENCE,2000,0,0 1 2,0.00937,G21 pinned normalised exact match,DIAGNOSTIC,DESCRIPTIVE_ONLY,results/experiments/e8a_question_encoder/core_analysis_g21.json
E8A/A1/train_250k/semantic:obj/accuracy,E8A,A1,train_250k,semantic,obj,accuracy,0.6792,0.65826 0.69989,1170,547,represented development imageId,INFERENCE,2000,0,0 1 2,0.0116,G21 pinned normalised exact match,DIAGNOSTIC,DESCRIPTIVE_ONLY,results/experiments/e8a_question_encoder/core_analysis_g21.json
E8A/A1/train_250k/semantic:rel/accuracy,E8A,A1,train_250k,semantic,rel,accuracy,0.58081,0.56113 0.59975,2978,570,represented development imageId,INFERENCE,2000,0,0 1 2,0.00356,G21 pinned normalised exact match,DIAGNOSTIC,DESCRIPTIVE_ONLY,results/experiments/e8a_question_encoder/core_analysis_g21.json
E8A/A1/train_250k/steps:3/accuracy,E8A,A1,train_250k,steps,3,accuracy,0.53383,0.51646 0.5514,3330,658,represented development imageId,INFERENCE,2000,0,0 1 2,0.0063,G21 pinned normalised exact match,DIAGNOSTIC,DESCRIPTIVE_ONLY,results/experiments/e8a_question_encoder/core_analysis_g21.json
E8A/A1/train_250k/steps:4/accuracy,E8A,A1,train_250k,steps,4,accuracy,0.55057,0.5213 0.58095,870,396,represented development imageId,INFERENCE,2000,0,0 1 2,0.01494,G21 pinned normalised exact match,DIAGNOSTIC,DESCRIPTIVE_ONLY,results/experiments/e8a_question_encoder/core_analysis_g21.json
E8A/A1/train_250k/steps:<=2/accuracy,E8A,A1,train_250k,steps,<=2,accuracy,0.58667,0.57193 0.60214,2400,674,represented development imageId,INFERENCE,2000,0,0 1 2,0.00375,G21 pinned normalised exact match,DIAGNOSTIC,DESCRIPTIVE_ONLY,results/experiments/e8a_question_encoder/core_analysis_g21.json
E8A/A1/train_250k/steps:>=5/accuracy,E8A,A1,train_250k,steps,>=5,accuracy,0.67923,0.65904 0.70012,1114,531,represented development imageId,INFERENCE,2000,0,0 1 2,0.00363,G21 pinned normalised exact match,DIAGNOSTIC,DESCRIPTIVE_ONLY,results/experiments/e8a_question_encoder/core_analysis_g21.json
E8A/A1/train_250k/structural:choose/accuracy,E8A,A1,train_250k,structural,choose,accuracy,0.64651,0.62404 0.66972,1042,465,represented development imageId,INFERENCE,2000,0,0 1 2,0.01877,G21 pinned normalised exact match,DIAGNOSTIC,DESCRIPTIVE_ONLY,results/experiments/e8a_question_encoder/core_analysis_g21.json
E8A/A1/train_250k/structural:compare/accuracy,E8A,A1,train_250k,structural,compare,accuracy,0.60927,0.56982 0.64605,302,226,represented development imageId,INFERENCE,2000,0,0 1 2,0.00574,G21 pinned normalised exact match,DIAGNOSTIC,DESCRIPTIVE_ONLY,results/experiments/e8a_question_encoder/core_analysis_g21.json
E8A/A1/train_250k/structural:logical/accuracy,E8A,A1,train_250k,structural,logical,accuracy,0.65534,0.63589 0.67464,1236,561,represented development imageId,INFERENCE,2000,0,0 1 2,0.00821,G21 pinned normalised exact match,DIAGNOSTIC,DESCRIPTIVE_ONLY,results/experiments/e8a_question_encoder/core_analysis_g21.json
E8A/A1/train_250k/structural:query/accuracy,E8A,A1,train_250k,structural,query,accuracy,0.50784,0.48643 0.5307,3104,687,represented development imageId,INFERENCE,2000,0,0 1 2,0.00963,G21 pinned normalised exact match,DIAGNOSTIC,DESCRIPTIVE_ONLY,results/experiments/e8a_question_encoder/core_analysis_g21.json
E8A/A1/train_250k/structural:verify/accuracy,E8A,A1,train_250k,structural,verify,accuracy,0.57997,0.56411 0.59534,2030,615,represented development imageId,INFERENCE,2000,0,0 1 2,0.00978,G21 pinned normalised exact match,DIAGNOSTIC,DESCRIPTIVE_ONLY,results/experiments/e8a_question_encoder/core_analysis_g21.json
E8A/A1/train_40k/semantic:attr/accuracy,E8A,A1,train_40k,semantic,attr,accuracy,0.48032,0.46625 0.49449,2964,691,represented development imageId,INFERENCE,2000,0,0 1 2,0.00693,G21 pinned normalised exact match,DIAGNOSTIC,DESCRIPTIVE_ONLY,results/experiments/e8a_question_encoder/core_analysis_g21.json
E8A/A1/train_40k/semantic:cat/accuracy,E8A,A1,train_40k,semantic,cat,accuracy,0.58162,0.53218 0.63017,439,219,represented development imageId,INFERENCE,2000,0,0 1 2,0.00948,G21 pinned normalised exact match,DIAGNOSTIC,DESCRIPTIVE_ONLY,results/experiments/e8a_question_encoder/core_analysis_g21.json
E8A/A1/train_40k/semantic:global/accuracy,E8A,A1,train_40k,semantic,global,accuracy,0.73824,0.68888 0.78788,163,133,represented development imageId,INFERENCE,2000,0,0 1 2,0.03088,G21 pinned normalised exact match,DIAGNOSTIC,DESCRIPTIVE_ONLY,results/experiments/e8a_question_encoder/core_analysis_g21.json
E8A/A1/train_40k/semantic:obj/accuracy,E8A,A1,train_40k,semantic,obj,accuracy,0.57151,0.55063 0.59325,1170,547,represented development imageId,INFERENCE,2000,0,0 1 2,0.0089,G21 pinned normalised exact match,DIAGNOSTIC,DESCRIPTIVE_ONLY,results/experiments/e8a_question_encoder/core_analysis_g21.json
E8A/A1/train_40k/semantic:rel/accuracy,E8A,A1,train_40k,semantic,rel,accuracy,0.54052,0.52044 0.56073,2978,570,represented development imageId,INFERENCE,2000,0,0 1 2,0.00185,G21 pinned normalised exact match,DIAGNOSTIC,DESCRIPTIVE_ONLY,results/experiments/e8a_question_encoder/core_analysis_g21.json
E8A/A1/train_40k/steps:3/accuracy,E8A,A1,train_40k,steps,3,accuracy,0.5011,0.48417 0.51797,3330,658,represented development imageId,INFERENCE,2000,0,0 1 2,0.00696,G21 pinned normalised exact match,DIAGNOSTIC,DESCRIPTIVE_ONLY,results/experiments/e8a_question_encoder/core_analysis_g21.json
E8A/A1/train_40k/steps:4/accuracy,E8A,A1,train_40k,steps,4,accuracy,0.53716,0.50736 0.56636,870,396,represented development imageId,INFERENCE,2000,0,0 1 2,0.01092,G21 pinned normalised exact match,DIAGNOSTIC,DESCRIPTIVE_ONLY,results/experiments/e8a_question_encoder/core_analysis_g21.json
E8A/A1/train_40k/steps:<=2/accuracy,E8A,A1,train_40k,steps,<=2,accuracy,0.54431,0.52861 0.55941,2400,674,represented development imageId,INFERENCE,2000,0,0 1 2,0.00596,G21 pinned normalised exact match,DIAGNOSTIC,DESCRIPTIVE_ONLY,results/experiments/e8a_question_encoder/core_analysis_g21.json
E8A/A1/train_40k/steps:>=5/accuracy,E8A,A1,train_40k,steps,>=5,accuracy,0.57032,0.54841 0.59131,1114,531,represented development imageId,INFERENCE,2000,0,0 1 2,0.01185,G21 pinned normalised exact match,DIAGNOSTIC,DESCRIPTIVE_ONLY,results/experiments/e8a_question_encoder/core_analysis_g21.json
E8A/A1/train_40k/structural:choose/accuracy,E8A,A1,train_40k,structural,choose,accuracy,0.60781,0.58279 0.63309,1042,465,represented development imageId,INFERENCE,2000,0,0 1 2,0.00308,G21 pinned normalised exact match,DIAGNOSTIC,DESCRIPTIVE_ONLY,results/experiments/e8a_question_encoder/core_analysis_g21.json
E8A/A1/train_40k/structural:compare/accuracy,E8A,A1,train_40k,structural,compare,accuracy,0.60927,0.56902 0.64955,302,226,represented development imageId,INFERENCE,2000,0,0 1 2,0.00574,G21 pinned normalised exact match,DIAGNOSTIC,DESCRIPTIVE_ONLY,results/experiments/e8a_question_encoder/core_analysis_g21.json
E8A/A1/train_40k/structural:logical/accuracy,E8A,A1,train_40k,structural,logical,accuracy,0.56499,0.54507 0.58542,1236,561,represented development imageId,INFERENCE,2000,0,0 1 2,0.01098,G21 pinned normalised exact match,DIAGNOSTIC,DESCRIPTIVE_ONLY,results/experiments/e8a_question_encoder/core_analysis_g21.json
E8A/A1/train_40k/structural:query/accuracy,E8A,A1,train_40k,structural,query,accuracy,0.47025,0.44792 0.49339,3104,687,represented development imageId,INFERENCE,2000,0,0 1 2,0.01145,G21 pinned normalised exact match,DIAGNOSTIC,DESCRIPTIVE_ONLY,results/experiments/e8a_question_encoder/core_analysis_g21.json
E8A/A1/train_40k/structural:verify/accuracy,E8A,A1,train_40k,structural,verify,accuracy,0.54302,0.52558 0.55872,2030,615,represented development imageId,INFERENCE,2000,0,0 1 2,0.00718,G21 pinned normalised exact match,DIAGNOSTIC,DESCRIPTIVE_ONLY,results/experiments/e8a_question_encoder/core_analysis_g21.json
E8A/A1r/train_250k/semantic:attr/accuracy,E8A,A1r,train_250k,semantic,attr,accuracy,0.45502,0.44004 0.46978,2964,691,represented development imageId,INFERENCE,2000,0,0 1 2,0.00811,G21 pinned normalised exact match,DIAGNOSTIC,DESCRIPTIVE_ONLY,results/experiments/e8a_question_encoder/core_analysis_g21.json
E8A/A1r/train_250k/semantic:cat/accuracy,E8A,A1r,train_250k,semantic,cat,accuracy,0.58238,0.52739 0.63471,439,219,represented development imageId,INFERENCE,2000,0,0 1 2,0.01027,G21 pinned normalised exact match,DIAGNOSTIC,DESCRIPTIVE_ONLY,results/experiments/e8a_question_encoder/core_analysis_g21.json
E8A/A1r/train_250k/semantic:global/accuracy,E8A,A1r,train_250k,semantic,global,accuracy,0.818,0.76483 0.87026,163,133,represented development imageId,INFERENCE,2000,0,0 1 2,0.01874,G21 pinned normalised exact match,DIAGNOSTIC,DESCRIPTIVE_ONLY,results/experiments/e8a_question_encoder/core_analysis_g21.json
E8A/A1r/train_250k/semantic:obj/accuracy,E8A,A1r,train_250k,semantic,obj,accuracy,0.56439,0.5432 0.58565,1170,547,represented development imageId,INFERENCE,2000,0,0 1 2,0.01539,G21 pinned normalised exact match,DIAGNOSTIC,DESCRIPTIVE_ONLY,results/experiments/e8a_question_encoder/core_analysis_g21.json
E8A/A1r/train_250k/semantic:rel/accuracy,E8A,A1r,train_250k,semantic,rel,accuracy,0.55418,0.53444 0.57452,2978,570,represented development imageId,INFERENCE,2000,0,0 1 2,0.0061,G21 pinned normalised exact match,DIAGNOSTIC,DESCRIPTIVE_ONLY,results/experiments/e8a_question_encoder/core_analysis_g21.json
E8A/A1r/train_250k/steps:3/accuracy,E8A,A1r,train_250k,steps,3,accuracy,0.4972,0.47966 0.51452,3330,658,represented development imageId,INFERENCE,2000,0,0 1 2,0.00499,G21 pinned normalised exact match,DIAGNOSTIC,DESCRIPTIVE_ONLY,results/experiments/e8a_question_encoder/core_analysis_g21.json
E8A/A1r/train_250k/steps:4/accuracy,E8A,A1r,train_250k,steps,4,accuracy,0.53142,0.50284 0.56164,870,396,represented development imageId,INFERENCE,2000,0,0 1 2,0.00351,G21 pinned normalised exact match,DIAGNOSTIC,DESCRIPTIVE_ONLY,results/experiments/e8a_question_encoder/core_analysis_g21.json
E8A/A1r/train_250k/steps:<=2/accuracy,E8A,A1r,train_250k,steps,<=2,accuracy,0.54431,0.52815 0.56141,2400,674,represented development imageId,INFERENCE,2000,0,0 1 2,0.01156,G21 pinned normalised exact match,DIAGNOSTIC,DESCRIPTIVE_ONLY,results/experiments/e8a_question_encoder/core_analysis_g21.json
E8A/A1r/train_250k/steps:>=5/accuracy,E8A,A1r,train_250k,steps,>=5,accuracy,0.56014,0.5382 0.58441,1114,531,represented development imageId,INFERENCE,2000,0,0 1 2,0.00987,G21 pinned normalised exact match,DIAGNOSTIC,DESCRIPTIVE_ONLY,results/experiments/e8a_question_encoder/core_analysis_g21.json
E8A/A1r/train_250k/structural:choose/accuracy,E8A,A1r,train_250k,structural,choose,accuracy,0.55694,0.53132 0.58231,1042,465,represented development imageId,INFERENCE,2000,0,0 1 2,0.00483,G21 pinned normalised exact match,DIAGNOSTIC,DESCRIPTIVE_ONLY,results/experiments/e8a_question_encoder/core_analysis_g21.json
E8A/A1r/train_250k/structural:compare/accuracy,E8A,A1r,train_250k,structural,compare,accuracy,0.58609,0.54468 0.62431,302,226,represented development imageId,INFERENCE,2000,0,0 1 2,0.02628,G21 pinned normalised exact match,DIAGNOSTIC,DESCRIPTIVE_ONLY,results/experiments/e8a_question_encoder/core_analysis_g21.json
E8A/A1r/train_250k/structural:logical/accuracy,E8A,A1r,train_250k,structural,logical,accuracy,0.55043,0.52929 0.57131,1236,561,represented development imageId,INFERENCE,2000,0,0 1 2,0.00965,G21 pinned normalised exact match,DIAGNOSTIC,DESCRIPTIVE_ONLY,results/experiments/e8a_question_encoder/core_analysis_g21.json
E8A/A1r/train_250k/structural:query/accuracy,E8A,A1r,train_250k,structural,query,accuracy,0.48475,0.4618 0.50731,3104,687,represented development imageId,INFERENCE,2000,0,0 1 2,0.01104,G21 pinned normalised exact match,DIAGNOSTIC,DESCRIPTIVE_ONLY,results/experiments/e8a_question_encoder/core_analysis_g21.json
E8A/A1r/train_250k/structural:verify/accuracy,E8A,A1r,train_250k,structural,verify,accuracy,0.54483,0.52865 0.56082,2030,615,represented development imageId,INFERENCE,2000,0,0 1 2,0.00793,G21 pinned normalised exact match,DIAGNOSTIC,DESCRIPTIVE_ONLY,results/experiments/e8a_question_encoder/core_analysis_g21.json
E8A/A1r/train_40k/semantic:attr/accuracy,E8A,A1r,train_40k,semantic,attr,accuracy,0.42735,0.41473 0.44072,2964,691,represented development imageId,INFERENCE,2000,0,0 1 2,0.0023,G21 pinned normalised exact match,DIAGNOSTIC,DESCRIPTIVE_ONLY,results/experiments/e8a_question_encoder/core_analysis_g21.json
E8A/A1r/train_40k/semantic:cat/accuracy,E8A,A1r,train_40k,semantic,cat,accuracy,0.51329,0.46008 0.56375,439,219,represented development imageId,INFERENCE,2000,0,0 1 2,0.01392,G21 pinned normalised exact match,DIAGNOSTIC,DESCRIPTIVE_ONLY,results/experiments/e8a_question_encoder/core_analysis_g21.json
E8A/A1r/train_40k/semantic:global/accuracy,E8A,A1r,train_40k,semantic,global,accuracy,0.75665,0.70614 0.80503,163,133,represented development imageId,INFERENCE,2000,0,0 1 2,0.02554,G21 pinned normalised exact match,DIAGNOSTIC,DESCRIPTIVE_ONLY,results/experiments/e8a_question_encoder/core_analysis_g21.json
E8A/A1r/train_40k/semantic:obj/accuracy,E8A,A1r,train_40k,semantic,obj,accuracy,0.55043,0.52998 0.57175,1170,547,represented development imageId,INFERENCE,2000,0,0 1 2,0.01343,G21 pinned normalised exact match,DIAGNOSTIC,DESCRIPTIVE_ONLY,results/experiments/e8a_question_encoder/core_analysis_g21.json
E8A/A1r/train_40k/semantic:rel/accuracy,E8A,A1r,train_40k,semantic,rel,accuracy,0.51164,0.49322 0.5307,2978,570,represented development imageId,INFERENCE,2000,0,0 1 2,0.01343,G21 pinned normalised exact match,DIAGNOSTIC,DESCRIPTIVE_ONLY,results/experiments/e8a_question_encoder/core_analysis_g21.json
E8A/A1r/train_40k/steps:3/accuracy,E8A,A1r,train_40k,steps,3,accuracy,0.46026,0.44394 0.47657,3330,658,represented development imageId,INFERENCE,2000,0,0 1 2,0.01207,G21 pinned normalised exact match,DIAGNOSTIC,DESCRIPTIVE_ONLY,results/experiments/e8a_question_encoder/core_analysis_g21.json
E8A/A1r/train_40k/steps:4/accuracy,E8A,A1r,train_40k,steps,4,accuracy,0.50766,0.47792 0.53586,870,396,represented development imageId,INFERENCE,2000,0,0 1 2,0.00863,G21 pinned normalised exact match,DIAGNOSTIC,DESCRIPTIVE_ONLY,results/experiments/e8a_question_encoder/core_analysis_g21.json
E8A/A1r/train_40k/steps:<=2/accuracy,E8A,A1r,train_40k,steps,<=2,accuracy,0.50069,0.48634 0.51615,2400,674,represented development imageId,INFERENCE,2000,0,0 1 2,0.01232,G21 pinned normalised exact match,DIAGNOSTIC,DESCRIPTIVE_ONLY,results/experiments/e8a_question_encoder/core_analysis_g21.json
E8A/A1r/train_40k/steps:>=5/accuracy,E8A,A1r,train_40k,steps,>=5,accuracy,0.54488,0.52363 0.56579,1114,531,represented development imageId,INFERENCE,2000,0,0 1 2,0.00767,G21 pinned normalised exact match,DIAGNOSTIC,DESCRIPTIVE_ONLY,results/experiments/e8a_question_encoder/core_analysis_g21.json
E8A/A1r/train_40k/structural:choose/accuracy,E8A,A1r,train_40k,structural,choose,accuracy,0.48305,0.45862 0.50734,1042,465,represented development imageId,INFERENCE,2000,0,0 1 2,0.00473,G21 pinned normalised exact match,DIAGNOSTIC,DESCRIPTIVE_ONLY,results/experiments/e8a_question_encoder/core_analysis_g21.json
E8A/A1r/train_40k/structural:compare/accuracy,E8A,A1r,train_40k,structural,compare,accuracy,0.58278,0.54637 0.61939,302,226,represented development imageId,INFERENCE,2000,0,0 1 2,0.01721,G21 pinned normalised exact match,DIAGNOSTIC,DESCRIPTIVE_ONLY,results/experiments/e8a_question_encoder/core_analysis_g21.json
E8A/A1r/train_40k/structural:logical/accuracy,E8A,A1r,train_40k,structural,logical,accuracy,0.5391,0.51933 0.55869,1236,561,represented development imageId,INFERENCE,2000,0,0 1 2,0.01663,G21 pinned normalised exact match,DIAGNOSTIC,DESCRIPTIVE_ONLY,results/experiments/e8a_question_encoder/core_analysis_g21.json
E8A/A1r/train_40k/structural:query/accuracy,E8A,A1r,train_40k,structural,query,accuracy,0.44384,0.42288 0.4637,3104,687,represented development imageId,INFERENCE,2000,0,0 1 2,0.01102,G21 pinned normalised exact match,DIAGNOSTIC,DESCRIPTIVE_ONLY,results/experiments/e8a_question_encoder/core_analysis_g21.json
E8A/A1r/train_40k/structural:verify/accuracy,E8A,A1r,train_40k,structural,verify,accuracy,0.522,0.50748 0.53561,2030,615,represented development imageId,INFERENCE,2000,0,0 1 2,0.00468,G21 pinned normalised exact match,DIAGNOSTIC,DESCRIPTIVE_ONLY,results/experiments/e8a_question_encoder/core_analysis_g21.json
v2_02/concat/train_40k/semantic:attr/accuracy,v2_02,concat,train_40k,semantic,attr,accuracy,0.4612,0.4456 0.47637,2964,691,represented development imageId,READ_FROM_ROW_EVIDENCE,2000,0,0 1 2 3 42,0.00227,v2_closed_vocab_top1_index_match,DIAGNOSTIC,DESCRIPTIVE_ONLY,results/closure/reconstructed_statistics.json
v2_02/concat/train_40k/semantic:cat/accuracy,v2_02,concat,train_40k,semantic,cat,accuracy,0.56583,0.50914 0.61781,439,219,represented development imageId,READ_FROM_ROW_EVIDENCE,2000,0,0 1 2 3 42,0.0026,v2_closed_vocab_top1_index_match,DIAGNOSTIC,DESCRIPTIVE_ONLY,results/closure/reconstructed_statistics.json
v2_02/concat/train_40k/semantic:global/accuracy,v2_02,concat,train_40k,semantic,global,accuracy,0.80736,0.75404 0.8575,163,133,represented development imageId,READ_FROM_ROW_EVIDENCE,2000,0,0 1 2 3 42,0.024,v2_closed_vocab_top1_index_match,DIAGNOSTIC,DESCRIPTIVE_ONLY,results/closure/reconstructed_statistics.json
v2_02/concat/train_40k/semantic:obj/accuracy,v2_02,concat,train_40k,semantic,obj,accuracy,0.59846,0.5754 0.62234,1170,547,represented development imageId,READ_FROM_ROW_EVIDENCE,2000,0,0 1 2 3 42,0.00812,v2_closed_vocab_top1_index_match,DIAGNOSTIC,DESCRIPTIVE_ONLY,results/closure/reconstructed_statistics.json
v2_02/concat/train_40k/semantic:rel/accuracy,v2_02,concat,train_40k,semantic,rel,accuracy,0.53553,0.51452 0.55627,2978,570,represented development imageId,READ_FROM_ROW_EVIDENCE,2000,0,0 1 2 3 42,0.00652,v2_closed_vocab_top1_index_match,DIAGNOSTIC,DESCRIPTIVE_ONLY,results/closure/reconstructed_statistics.json
v2_02/concat/train_40k/steps:3/accuracy,v2_02,concat,train_40k,steps,3,accuracy,0.50559,0.48805 0.52312,3330,658,represented development imageId,READ_FROM_ROW_EVIDENCE,2000,0,0 1 2 3 42,0.00603,v2_closed_vocab_top1_index_match,DIAGNOSTIC,DESCRIPTIVE_ONLY,results/closure/reconstructed_statistics.json
v2_02/concat/train_40k/steps:4/accuracy,v2_02,concat,train_40k,steps,4,accuracy,0.5046,0.47071 0.53715,870,396,represented development imageId,READ_FROM_ROW_EVIDENCE,2000,0,0 1 2 3 42,0.0074,v2_closed_vocab_top1_index_match,DIAGNOSTIC,DESCRIPTIVE_ONLY,results/closure/reconstructed_statistics.json
v2_02/concat/train_40k/steps:<=2/accuracy,v2_02,concat,train_40k,steps,<=2,accuracy,0.52867,0.51247 0.54586,2400,674,represented development imageId,READ_FROM_ROW_EVIDENCE,2000,0,0 1 2 3 42,0.0048,v2_closed_vocab_top1_index_match,DIAGNOSTIC,DESCRIPTIVE_ONLY,results/closure/reconstructed_statistics.json
v2_02/concat/train_40k/steps:>=5/accuracy,v2_02,concat,train_40k,steps,>=5,accuracy,0.58402,0.55945 0.60991,1114,531,represented development imageId,READ_FROM_ROW_EVIDENCE,2000,0,0 1 2 3 42,0.00865,v2_closed_vocab_top1_index_match,DIAGNOSTIC,DESCRIPTIVE_ONLY,results/closure/reconstructed_statistics.json
v2_02/concat/train_40k/structural:choose/accuracy,v2_02,concat,train_40k,structural,choose,accuracy,0.57697,0.55182 0.60113,1042,465,represented development imageId,READ_FROM_ROW_EVIDENCE,2000,0,0 1 2 3 42,0.00873,v2_closed_vocab_top1_index_match,DIAGNOSTIC,DESCRIPTIVE_ONLY,results/closure/reconstructed_statistics.json
v2_02/concat/train_40k/structural:compare/accuracy,v2_02,concat,train_40k,structural,compare,accuracy,0.57881,0.53597 0.62451,302,226,represented development imageId,READ_FROM_ROW_EVIDENCE,2000,0,0 1 2 3 42,0.01353,v2_closed_vocab_top1_index_match,DIAGNOSTIC,DESCRIPTIVE_ONLY,results/closure/reconstructed_statistics.json
v2_02/concat/train_40k/structural:logical/accuracy,v2_02,concat,train_40k,structural,logical,accuracy,0.57848,0.55481 0.60342,1236,561,represented development imageId,READ_FROM_ROW_EVIDENCE,2000,0,0 1 2 3 42,0.01079,v2_closed_vocab_top1_index_match,DIAGNOSTIC,DESCRIPTIVE_ONLY,results/closure/reconstructed_statistics.json
v2_02/concat/train_40k/structural:query/accuracy,v2_02,concat,train_40k,structural,query,accuracy,0.47951,0.45676 0.50277,3104,687,represented development imageId,READ_FROM_ROW_EVIDENCE,2000,0,0 1 2 3 42,0.00332,v2_closed_vocab_top1_index_match,DIAGNOSTIC,DESCRIPTIVE_ONLY,results/closure/reconstructed_statistics.json
v2_02/concat/train_40k/structural:verify/accuracy,v2_02,concat,train_40k,structural,verify,accuracy,0.52345,0.50607 0.54061,2030,615,represented development imageId,READ_FROM_ROW_EVIDENCE,2000,0,0 1 2 3 42,0.00734,v2_closed_vocab_top1_index_match,DIAGNOSTIC,DESCRIPTIVE_ONLY,results/closure/reconstructed_statistics.json
v2_02/fusion/train_40k/semantic:attr/accuracy,v2_02,fusion,train_40k,semantic,attr,accuracy,0.46444,0.44697 0.48159,2964,691,represented development imageId,READ_FROM_ROW_EVIDENCE,2000,0,0 1 2 3 42,0.00322,v2_closed_vocab_top1_index_match,DIAGNOSTIC,DESCRIPTIVE_ONLY,results/closure/reconstructed_statistics.json
v2_02/fusion/train_40k/semantic:cat/accuracy,v2_02,fusion,train_40k,semantic,cat,accuracy,0.56355,0.51162 0.6134,439,219,represented development imageId,READ_FROM_ROW_EVIDENCE,2000,0,0 1 2 3 42,0.00525,v2_closed_vocab_top1_index_match,DIAGNOSTIC,DESCRIPTIVE_ONLY,results/closure/reconstructed_statistics.json
v2_02/fusion/train_40k/semantic:global/accuracy,v2_02,fusion,train_40k,semantic,global,accuracy,0.80123,0.74267 0.85522,163,133,represented development imageId,READ_FROM_ROW_EVIDENCE,2000,0,0 1 2 3 42,0.016,v2_closed_vocab_top1_index_match,DIAGNOSTIC,DESCRIPTIVE_ONLY,results/closure/reconstructed_statistics.json
v2_02/fusion/train_40k/semantic:obj/accuracy,v2_02,fusion,train_40k,semantic,obj,accuracy,0.64103,0.61682 0.66633,1170,547,represented development imageId,READ_FROM_ROW_EVIDENCE,2000,0,0 1 2 3 42,0.00557,v2_closed_vocab_top1_index_match,DIAGNOSTIC,DESCRIPTIVE_ONLY,results/closure/reconstructed_statistics.json
v2_02/fusion/train_40k/semantic:rel/accuracy,v2_02,fusion,train_40k,semantic,rel,accuracy,0.55359,0.53251 0.57507,2978,570,represented development imageId,READ_FROM_ROW_EVIDENCE,2000,0,0 1 2 3 42,0.00534,v2_closed_vocab_top1_index_match,DIAGNOSTIC,DESCRIPTIVE_ONLY,results/closure/reconstructed_statistics.json
v2_02/fusion/train_40k/steps:3/accuracy,v2_02,fusion,train_40k,steps,3,accuracy,0.50312,0.48459 0.52153,3330,658,represented development imageId,READ_FROM_ROW_EVIDENCE,2000,0,0 1 2 3 42,0.00323,v2_closed_vocab_top1_index_match,DIAGNOSTIC,DESCRIPTIVE_ONLY,results/closure/reconstructed_statistics.json
v2_02/fusion/train_40k/steps:4/accuracy,v2_02,fusion,train_40k,steps,4,accuracy,0.53425,0.50284 0.56727,870,396,represented development imageId,READ_FROM_ROW_EVIDENCE,2000,0,0 1 2 3 42,0.00249,v2_closed_vocab_top1_index_match,DIAGNOSTIC,DESCRIPTIVE_ONLY,results/closure/reconstructed_statistics.json
v2_02/fusion/train_40k/steps:<=2/accuracy,v2_02,fusion,train_40k,steps,<=2,accuracy,0.54942,0.53239 0.56697,2400,674,represented development imageId,READ_FROM_ROW_EVIDENCE,2000,0,0 1 2 3 42,0.00326,v2_closed_vocab_top1_index_match,DIAGNOSTIC,DESCRIPTIVE_ONLY,results/closure/reconstructed_statistics.json
v2_02/fusion/train_40k/steps:>=5/accuracy,v2_02,fusion,train_40k,steps,>=5,accuracy,0.62334,0.59786 0.6495,1114,531,represented development imageId,READ_FROM_ROW_EVIDENCE,2000,0,0 1 2 3 42,0.00617,v2_closed_vocab_top1_index_match,DIAGNOSTIC,DESCRIPTIVE_ONLY,results/closure/reconstructed_statistics.json
v2_02/fusion/train_40k/structural:choose/accuracy,v2_02,fusion,train_40k,structural,choose,accuracy,0.55393,0.52733 0.58099,1042,465,represented development imageId,READ_FROM_ROW_EVIDENCE,2000,0,0 1 2 3 42,0.00514,v2_closed_vocab_top1_index_match,DIAGNOSTIC,DESCRIPTIVE_ONLY,results/closure/reconstructed_statistics.json
v2_02/fusion/train_40k/structural:compare/accuracy,v2_02,fusion,train_40k,structural,compare,accuracy,0.55364,0.50779 0.60206,302,226,represented development imageId,READ_FROM_ROW_EVIDENCE,2000,0,0 1 2 3 42,0.00977,v2_closed_vocab_top1_index_match,DIAGNOSTIC,DESCRIPTIVE_ONLY,results/closure/reconstructed_statistics.json
v2_02/fusion/train_40k/structural:logical/accuracy,v2_02,fusion,train_40k,structural,logical,accuracy,0.6165,0.59179 0.64201,1236,561,represented development imageId,READ_FROM_ROW_EVIDENCE,2000,0,0 1 2 3 42,0.00805,v2_closed_vocab_top1_index_match,DIAGNOSTIC,DESCRIPTIVE_ONLY,results/closure/reconstructed_statistics.json
v2_02/fusion/train_40k/structural:query/accuracy,v2_02,fusion,train_40k,structural,query,accuracy,0.48015,0.45799 0.50385,3104,687,represented development imageId,READ_FROM_ROW_EVIDENCE,2000,0,0 1 2 3 42,0.00331,v2_closed_vocab_top1_index_match,DIAGNOSTIC,DESCRIPTIVE_ONLY,results/closure/reconstructed_statistics.json
v2_02/fusion/train_40k/structural:verify/accuracy,v2_02,fusion,train_40k,structural,verify,accuracy,0.56966,0.55042 0.58836,2030,615,represented development imageId,READ_FROM_ROW_EVIDENCE,2000,0,0 1 2 3 42,0.00734,v2_closed_vocab_top1_index_match,DIAGNOSTIC,DESCRIPTIVE_ONLY,results/closure/reconstructed_statistics.json
v2_05c/fusion_minus_concat/train_40k/semantic:attr/five_seed,v2_05c,fusion minus concat,train_40k,semantic,attr,paired accuracy gap,0.00324,-0.00762 0.01441,2964,691,represented development imageId,READ_FROM_SOURCE,2000,0,0 1 2 3 42,0.00452,v2_closed_vocab_top1_index_match,SECONDARY,CAPACITY_CONFOUNDED,results/experiments/v2_05_types/addendum_clustered.json
v2_05c/fusion_minus_concat/train_40k/semantic:attr/seed42,v2_05c,fusion minus concat,train_40k,semantic,attr,paired accuracy gap,-0.00439,-0.02343 0.01387,2964,691,represented development imageId,READ_FROM_SOURCE,2000,0,42,,v2_closed_vocab_top1_index_match,SECONDARY,CAPACITY_CONFOUNDED,results/experiments/v2_05_types/addendum_clustered.json
v2_05c/fusion_minus_concat/train_40k/semantic:cat/five_seed,v2_05c,fusion minus concat,train_40k,semantic,cat,paired accuracy gap,-0.00228,-0.01639 0.01264,439,219,represented development imageId,READ_FROM_SOURCE,2000,0,0 1 2 3 42,0.00483,v2_closed_vocab_top1_index_match,SECONDARY,CAPACITY_CONFOUNDED,results/experiments/v2_05_types/addendum_clustered.json
v2_05c/fusion_minus_concat/train_40k/semantic:cat/seed42,v2_05c,fusion minus concat,train_40k,semantic,cat,paired accuracy gap,0.00456,-0.02734 0.03633,439,219,represented development imageId,READ_FROM_SOURCE,2000,0,42,,v2_closed_vocab_top1_index_match,SECONDARY,CAPACITY_CONFOUNDED,results/experiments/v2_05_types/addendum_clustered.json
v2_05c/fusion_minus_concat/train_40k/semantic:global/five_seed,v2_05c,fusion minus concat,train_40k,semantic,global,paired accuracy gap,-0.00613,-0.03558 0.02099,163,133,represented development imageId,READ_FROM_SOURCE,2000,0,0 1 2 3 42,0.01891,v2_closed_vocab_top1_index_match,SECONDARY,CAPACITY_CONFOUNDED,results/experiments/v2_05_types/addendum_clustered.json
v2_05c/fusion_minus_concat/train_40k/semantic:global/seed42,v2_05c,fusion minus concat,train_40k,semantic,global,paired accuracy gap,-0.0184,-0.06876 0.03068,163,133,represented development imageId,READ_FROM_SOURCE,2000,0,42,,v2_closed_vocab_top1_index_match,SECONDARY,CAPACITY_CONFOUNDED,results/experiments/v2_05_types/addendum_clustered.json
v2_05c/fusion_minus_concat/train_40k/semantic:obj/five_seed,v2_05c,fusion minus concat,train_40k,semantic,obj,paired accuracy gap,0.04257,0.023 0.06247,1170,547,represented development imageId,READ_FROM_SOURCE,2000,0,0 1 2 3 42,0.00945,v2_closed_vocab_top1_index_match,SECONDARY,CAPACITY_CONFOUNDED,results/experiments/v2_05_types/addendum_clustered.json
v2_05c/fusion_minus_concat/train_40k/semantic:obj/seed42,v2_05c,fusion minus concat,train_40k,semantic,obj,paired accuracy gap,0.03932,0.01424 0.06444,1170,547,represented development imageId,READ_FROM_SOURCE,2000,0,42,,v2_closed_vocab_top1_index_match,SECONDARY,CAPACITY_CONFOUNDED,results/experiments/v2_05_types/addendum_clustered.json
v2_05c/fusion_minus_concat/train_40k/semantic:rel/five_seed,v2_05c,fusion minus concat,train_40k,semantic,rel,paired accuracy gap,0.01806,0.00921 0.0278,2978,570,represented development imageId,READ_FROM_SOURCE,2000,0,0 1 2 3 42,0.00548,v2_closed_vocab_top1_index_match,SECONDARY,CAPACITY_CONFOUNDED,results/experiments/v2_05_types/addendum_clustered.json
v2_05c/fusion_minus_concat/train_40k/semantic:rel/seed42,v2_05c,fusion minus concat,train_40k,semantic,rel,paired accuracy gap,0.02552,0.01043 0.04109,2978,570,represented development imageId,READ_FROM_SOURCE,2000,0,42,,v2_closed_vocab_top1_index_match,SECONDARY,CAPACITY_CONFOUNDED,results/experiments/v2_05_types/addendum_clustered.json
v2_05c/fusion_minus_concat/train_40k/steps:3/five_seed,v2_05c,fusion minus concat,train_40k,steps,3,paired accuracy gap,-0.00246,-0.01163 0.00644,3330,658,represented development imageId,READ_FROM_SOURCE,2000,0,0 1 2 3 42,0.00461,v2_closed_vocab_top1_index_match,SECONDARY,CAPACITY_CONFOUNDED,results/experiments/v2_05_types/addendum_clustered.json
v2_05c/fusion_minus_concat/train_40k/steps:3/seed42,v2_05c,fusion minus concat,train_40k,steps,3,paired accuracy gap,0.0048,-0.00991 0.01914,3330,658,represented development imageId,READ_FROM_SOURCE,2000,0,42,,v2_closed_vocab_top1_index_match,SECONDARY,CAPACITY_CONFOUNDED,results/experiments/v2_05_types/addendum_clustered.json
v2_05c/fusion_minus_concat/train_40k/steps:4/five_seed,v2_05c,fusion minus concat,train_40k,steps,4,paired accuracy gap,0.02966,0.00912 0.05049,870,396,represented development imageId,READ_FROM_SOURCE,2000,0,0 1 2 3 42,0.00946,v2_closed_vocab_top1_index_match,SECONDARY,CAPACITY_CONFOUNDED,results/experiments/v2_05_types/addendum_clustered.json
v2_05c/fusion_minus_concat/train_40k/steps:4/seed42,v2_05c,fusion minus concat,train_40k,steps,4,paired accuracy gap,0.02644,-0.00117 0.05474,870,396,represented development imageId,READ_FROM_SOURCE,2000,0,42,,v2_closed_vocab_top1_index_match,SECONDARY,CAPACITY_CONFOUNDED,results/experiments/v2_05_types/addendum_clustered.json
v2_05c/fusion_minus_concat/train_40k/steps:<=2/five_seed,v2_05c,fusion minus concat,train_40k,steps,<=2,paired accuracy gap,0.02075,0.00876 0.03247,2400,674,represented development imageId,READ_FROM_SOURCE,2000,0,0 1 2 3 42,0.00669,v2_closed_vocab_top1_index_match,SECONDARY,CAPACITY_CONFOUNDED,results/experiments/v2_05_types/addendum_clustered.json
v2_05c/fusion_minus_concat/train_40k/steps:<=2/seed42,v2_05c,fusion minus concat,train_40k,steps,<=2,paired accuracy gap,0.01042,-0.00916 0.03016,2400,674,represented development imageId,READ_FROM_SOURCE,2000,0,42,,v2_closed_vocab_top1_index_match,SECONDARY,CAPACITY_CONFOUNDED,results/experiments/v2_05_types/addendum_clustered.json
v2_05c/fusion_minus_concat/train_40k/steps:>=5/five_seed,v2_05c,fusion minus concat,train_40k,steps,>=5,paired accuracy gap,0.03932,0.01872 0.05975,1114,531,represented development imageId,READ_FROM_SOURCE,2000,0,0 1 2 3 42,0.0063,v2_closed_vocab_top1_index_match,SECONDARY,CAPACITY_CONFOUNDED,results/experiments/v2_05_types/addendum_clustered.json
v2_05c/fusion_minus_concat/train_40k/steps:>=5/seed42,v2_05c,fusion minus concat,train_40k,steps,>=5,paired accuracy gap,0.0395,0.01297 0.06595,1114,531,represented development imageId,READ_FROM_SOURCE,2000,0,42,,v2_closed_vocab_top1_index_match,SECONDARY,CAPACITY_CONFOUNDED,results/experiments/v2_05_types/addendum_clustered.json
v2_05c/fusion_minus_concat/train_40k/structural:choose/five_seed,v2_05c,fusion minus concat,train_40k,structural,choose,paired accuracy gap,-0.02303,-0.03669 -0.00954,1042,465,represented development imageId,READ_FROM_SOURCE,2000,0,0 1 2 3 42,0.01056,v2_closed_vocab_top1_index_match,SECONDARY,CAPACITY_CONFOUNDED,results/experiments/v2_05_types/addendum_clustered.json
v2_05c/fusion_minus_concat/train_40k/structural:choose/seed42,v2_05c,fusion minus concat,train_40k,structural,choose,paired accuracy gap,-0.01631,-0.03949 0.0066,1042,465,represented development imageId,READ_FROM_SOURCE,2000,0,42,,v2_closed_vocab_top1_index_match,SECONDARY,CAPACITY_CONFOUNDED,results/experiments/v2_05_types/addendum_clustered.json
v2_05c/fusion_minus_concat/train_40k/structural:compare/five_seed,v2_05c,fusion minus concat,train_40k,structural,compare,paired accuracy gap,-0.02517,-0.06598 0.01355,302,226,represented development imageId,READ_FROM_SOURCE,2000,0,0 1 2 3 42,0.02229,v2_closed_vocab_top1_index_match,SECONDARY,CAPACITY_CONFOUNDED,results/experiments/v2_05_types/addendum_clustered.json
v2_05c/fusion_minus_concat/train_40k/structural:compare/seed42,v2_05c,fusion minus concat,train_40k,structural,compare,paired accuracy gap,-0.04305,-0.10065 0.01347,302,226,represented development imageId,READ_FROM_SOURCE,2000,0,42,,v2_closed_vocab_top1_index_match,SECONDARY,CAPACITY_CONFOUNDED,results/experiments/v2_05_types/addendum_clustered.json
v2_05c/fusion_minus_concat/train_40k/structural:logical/five_seed,v2_05c,fusion minus concat,train_40k,structural,logical,paired accuracy gap,0.03802,0.01687 0.05815,1236,561,represented development imageId,READ_FROM_SOURCE,2000,0,0 1 2 3 42,0.00763,v2_closed_vocab_top1_index_match,SECONDARY,CAPACITY_CONFOUNDED,results/experiments/v2_05_types/addendum_clustered.json
v2_05c/fusion_minus_concat/train_40k/structural:logical/seed42,v2_05c,fusion minus concat,train_40k,structural,logical,paired accuracy gap,0.04045,0.01403 0.0676,1236,561,represented development imageId,READ_FROM_SOURCE,2000,0,42,,v2_closed_vocab_top1_index_match,SECONDARY,CAPACITY_CONFOUNDED,results/experiments/v2_05_types/addendum_clustered.json
v2_05c/fusion_minus_concat/train_40k/structural:query/five_seed,v2_05c,fusion minus concat,train_40k,structural,query,paired accuracy gap,0.00064,-0.00711 0.0081,3104,687,represented development imageId,READ_FROM_SOURCE,2000,0,0 1 2 3 42,0.00446,v2_closed_vocab_top1_index_match,SECONDARY,CAPACITY_CONFOUNDED,results/experiments/v2_05_types/addendum_clustered.json
v2_05c/fusion_minus_concat/train_40k/structural:query/seed42,v2_05c,fusion minus concat,train_40k,structural,query,paired accuracy gap,0.00129,-0.01362 0.01608,3104,687,represented development imageId,READ_FROM_SOURCE,2000,0,42,,v2_closed_vocab_top1_index_match,SECONDARY,CAPACITY_CONFOUNDED,results/experiments/v2_05_types/addendum_clustered.json
v2_05c/fusion_minus_concat/train_40k/structural:verify/five_seed,v2_05c,fusion minus concat,train_40k,structural,verify,paired accuracy gap,0.04621,0.03236 0.06034,2030,615,represented development imageId,READ_FROM_SOURCE,2000,0,0 1 2 3 42,0.00854,v2_closed_vocab_top1_index_match,SECONDARY,CAPACITY_CONFOUNDED,results/experiments/v2_05_types/addendum_clustered.json
v2_05c/fusion_minus_concat/train_40k/structural:verify/seed42,v2_05c,fusion minus concat,train_40k,structural,verify,paired accuracy gap,0.04138,0.02111 0.06274,2030,615,represented development imageId,READ_FROM_SOURCE,2000,0,42,,v2_closed_vocab_top1_index_match,SECONDARY,CAPACITY_CONFOUNDED,results/experiments/v2_05_types/addendum_clustered.json
v2_06/concat/train_40k/structural:choose/drop_shuffled,v2_06,concat,train_40k,structural,choose,drop_shuffled,0.11536,0.08367 0.14685,1042,465,represented development imageId,READ_FROM_ROW_EVIDENCE,2000,0,0 1 2 3 42,0.01003,v2_closed_vocab_top1_index_match,SECONDARY,CLEAN_PAIRED_CONTROL,results/closure/reconstructed_statistics.json
v2_06/concat/train_40k/structural:choose/drop_zeroed,v2_06,concat,train_40k,structural,choose,drop_zeroed,0.07351,0.04616 0.10112,1042,465,represented development imageId,READ_FROM_ROW_EVIDENCE,2000,0,0 1 2 3 42,0.00437,v2_closed_vocab_top1_index_match,SECONDARY,CLEAN_PAIRED_CONTROL,results/closure/reconstructed_statistics.json
v2_06/concat/train_40k/structural:compare/drop_shuffled,v2_06,concat,train_40k,structural,compare,drop_shuffled,0.0106,-0.03542 0.05856,302,226,represented development imageId,READ_FROM_ROW_EVIDENCE,2000,0,0 1 2 3 42,0.02311,v2_closed_vocab_top1_index_match,SECONDARY,CLEAN_PAIRED_CONTROL,results/closure/reconstructed_statistics.json
v2_06/concat/train_40k/structural:compare/drop_zeroed,v2_06,concat,train_40k,structural,compare,drop_zeroed,0.02318,-0.01534 0.06195,302,226,represented development imageId,READ_FROM_ROW_EVIDENCE,2000,0,0 1 2 3 42,0.02055,v2_closed_vocab_top1_index_match,SECONDARY,CLEAN_PAIRED_CONTROL,results/closure/reconstructed_statistics.json
v2_06/concat/train_40k/structural:logical/drop_shuffled,v2_06,concat,train_40k,structural,logical,drop_shuffled,0.03366,0.00858 0.06013,1236,561,represented development imageId,READ_FROM_ROW_EVIDENCE,2000,0,0 1 2 3 42,0.02117,v2_closed_vocab_top1_index_match,SECONDARY,CLEAN_PAIRED_CONTROL,results/closure/reconstructed_statistics.json
v2_06/concat/train_40k/structural:logical/drop_zeroed,v2_06,concat,train_40k,structural,logical,drop_zeroed,0.01796,-0.00245 0.03945,1236,561,represented development imageId,READ_FROM_ROW_EVIDENCE,2000,0,0 1 2 3 42,0.0167,v2_closed_vocab_top1_index_match,SECONDARY,CLEAN_PAIRED_CONTROL,results/closure/reconstructed_statistics.json
v2_06/concat/train_40k/structural:query/drop_shuffled,v2_06,concat,train_40k,structural,query,drop_shuffled,0.2261,0.20096 0.25104,3104,687,represented development imageId,READ_FROM_ROW_EVIDENCE,2000,0,0 1 2 3 42,0.00394,v2_closed_vocab_top1_index_match,SECONDARY,CLEAN_PAIRED_CONTROL,results/closure/reconstructed_statistics.json
v2_06/concat/train_40k/structural:query/drop_zeroed,v2_06,concat,train_40k,structural,query,drop_zeroed,0.18428,0.16038 0.20926,3104,687,represented development imageId,READ_FROM_ROW_EVIDENCE,2000,0,0 1 2 3 42,0.00523,v2_closed_vocab_top1_index_match,SECONDARY,CLEAN_PAIRED_CONTROL,results/closure/reconstructed_statistics.json
v2_06/concat/train_40k/structural:verify/drop_shuffled,v2_06,concat,train_40k,structural,verify,drop_shuffled,0.01793,-0.00046 0.03533,2030,615,represented development imageId,READ_FROM_ROW_EVIDENCE,2000,0,0 1 2 3 42,0.00998,v2_closed_vocab_top1_index_match,SECONDARY,CLEAN_PAIRED_CONTROL,results/closure/reconstructed_statistics.json
v2_06/concat/train_40k/structural:verify/drop_zeroed,v2_06,concat,train_40k,structural,verify,drop_zeroed,0.04562,0.02907 0.06133,2030,615,represented development imageId,READ_FROM_ROW_EVIDENCE,2000,0,0 1 2 3 42,0.00643,v2_closed_vocab_top1_index_match,SECONDARY,CLEAN_PAIRED_CONTROL,results/closure/reconstructed_statistics.json
v2_06/fusion/train_40k/structural:choose/drop_shuffled,v2_06,fusion,train_40k,structural,choose,drop_shuffled,0.11344,0.08083 0.14787,1042,465,represented development imageId,READ_FROM_ROW_EVIDENCE,2000,0,0 1 2 3 42,0.01128,v2_closed_vocab_top1_index_match,SECONDARY,CLEAN_PAIRED_CONTROL,results/closure/reconstructed_statistics.json
v2_06/fusion/train_40k/structural:choose/drop_zeroed,v2_06,fusion,train_40k,structural,choose,drop_zeroed,0.05547,0.02595 0.08566,1042,465,represented development imageId,READ_FROM_ROW_EVIDENCE,2000,0,0 1 2 3 42,0.00355,v2_closed_vocab_top1_index_match,SECONDARY,CLEAN_PAIRED_CONTROL,results/closure/reconstructed_statistics.json
v2_06/fusion/train_40k/structural:compare/drop_shuffled,v2_06,fusion,train_40k,structural,compare,drop_shuffled,0.00861,-0.04576 0.06736,302,226,represented development imageId,READ_FROM_ROW_EVIDENCE,2000,0,0 1 2 3 42,0.01967,v2_closed_vocab_top1_index_match,SECONDARY,CLEAN_PAIRED_CONTROL,results/closure/reconstructed_statistics.json
v2_06/fusion/train_40k/structural:compare/drop_zeroed,v2_06,fusion,train_40k,structural,compare,drop_zeroed,-0.01854,-0.07774 0.03988,302,226,represented development imageId,READ_FROM_ROW_EVIDENCE,2000,0,0 1 2 3 42,0.01564,v2_closed_vocab_top1_index_match,SECONDARY,CLEAN_PAIRED_CONTROL,results/closure/reconstructed_statistics.json
v2_06/fusion/train_40k/structural:logical/drop_shuffled,v2_06,fusion,train_40k,structural,logical,drop_shuffled,0.10275,0.06784 0.1383,1236,561,represented development imageId,READ_FROM_ROW_EVIDENCE,2000,0,0 1 2 3 42,0.00776,v2_closed_vocab_top1_index_match,SECONDARY,CLEAN_PAIRED_CONTROL,results/closure/reconstructed_statistics.json
v2_06/fusion/train_40k/structural:logical/drop_zeroed,v2_06,fusion,train_40k,structural,logical,drop_zeroed,0.061,0.0281 0.09203,1236,561,represented development imageId,READ_FROM_ROW_EVIDENCE,2000,0,0 1 2 3 42,0.00556,v2_closed_vocab_top1_index_match,SECONDARY,CLEAN_PAIRED_CONTROL,results/closure/reconstructed_statistics.json
v2_06/fusion/train_40k/structural:query/drop_shuffled,v2_06,fusion,train_40k,structural,query,drop_shuffled,0.22674,0.20295 0.25199,3104,687,represented development imageId,READ_FROM_ROW_EVIDENCE,2000,0,0 1 2 3 42,0.00321,v2_closed_vocab_top1_index_match,SECONDARY,CLEAN_PAIRED_CONTROL,results/closure/reconstructed_statistics.json
v2_06/fusion/train_40k/structural:query/drop_zeroed,v2_06,fusion,train_40k,structural,query,drop_zeroed,0.18789,0.16325 0.21355,3104,687,represented development imageId,READ_FROM_ROW_EVIDENCE,2000,0,0 1 2 3 42,0.00864,v2_closed_vocab_top1_index_match,SECONDARY,CLEAN_PAIRED_CONTROL,results/closure/reconstructed_statistics.json
v2_06/fusion/train_40k/structural:verify/drop_shuffled,v2_06,fusion,train_40k,structural,verify,drop_shuffled,0.0735,0.04781 0.10077,2030,615,represented development imageId,READ_FROM_ROW_EVIDENCE,2000,0,0 1 2 3 42,0.00502,v2_closed_vocab_top1_index_match,SECONDARY,CLEAN_PAIRED_CONTROL,results/closure/reconstructed_statistics.json
v2_06/fusion/train_40k/structural:verify/drop_zeroed,v2_06,fusion,train_40k,structural,verify,drop_zeroed,0.10128,0.07835 0.12445,2030,615,represented development imageId,READ_FROM_ROW_EVIDENCE,2000,0,0 1 2 3 42,0.01131,v2_closed_vocab_top1_index_match,SECONDARY,CLEAN_PAIRED_CONTROL,results/closure/reconstructed_statistics.json
v3_02a/concat/train_40k/steps:3/accuracy,v3_02a,concat,train_40k,steps,3,accuracy,0.50559,0.48758 0.52263,3330,658,represented dev imageId,READ_FROM_SOURCE,2000,0,0 1 2,,v2_closed_vocab_top1_index_match,DIAGNOSTIC,DESCRIPTIVE_ONLY,results/experiments/v3_02a_refs/step_statistics.json
v3_02a/concat/train_40k/steps:4/accuracy,v3_02a,concat,train_40k,steps,4,accuracy,0.5046,0.47113 0.53689,870,396,represented dev imageId,READ_FROM_SOURCE,2000,0,0 1 2,,v2_closed_vocab_top1_index_match,DIAGNOSTIC,DESCRIPTIVE_ONLY,results/experiments/v3_02a_refs/step_statistics.json
v3_02a/concat/train_40k/steps:<=2/accuracy,v3_02a,concat,train_40k,steps,<=2,accuracy,0.52867,0.51115 0.54615,2400,674,represented dev imageId,READ_FROM_SOURCE,2000,0,0 1 2,,v2_closed_vocab_top1_index_match,DIAGNOSTIC,DESCRIPTIVE_ONLY,results/experiments/v3_02a_refs/step_statistics.json
v3_02a/concat/train_40k/steps:>=4_combined/deficit,v3_02a,concat,train_40k,steps,>=4_combined,pooled >=4-step deficit,0.10502,0.08915 0.12065,1984,,represented dev imageId,DERIVED_FROM_SOURCE_BUCKET_COUNTS,2000,0,0 1 2,,v2_closed_vocab_top1_index_match,PRIMARY,DESCRIPTIVE_ONLY,results/experiments/v3_02a_refs/step_statistics.json
v3_02a/concat/train_40k/steps:>=5/accuracy,v3_02a,concat,train_40k,steps,>=5,accuracy,0.58402,0.55744 0.60933,1114,531,represented dev imageId,READ_FROM_SOURCE,2000,0,0 1 2,,v2_closed_vocab_top1_index_match,DIAGNOSTIC,DESCRIPTIVE_ONLY,results/experiments/v3_02a_refs/step_statistics.json
v3_02a/direct_linear/train_40k/steps:3/accuracy,v3_02a,direct_linear,train_40k,steps,3,accuracy,0.46625,0.44511 0.4861,3330,658,represented dev imageId,READ_FROM_SOURCE,2000,0,0 1 2,,v2_closed_vocab_top1_index_match,DIAGNOSTIC,DESCRIPTIVE_ONLY,results/experiments/v3_02a_refs/step_statistics.json
v3_02a/direct_linear/train_40k/steps:4/accuracy,v3_02a,direct_linear,train_40k,steps,4,accuracy,0.46184,0.42448 0.49805,870,396,represented dev imageId,READ_FROM_SOURCE,2000,0,0 1 2,,v2_closed_vocab_top1_index_match,DIAGNOSTIC,DESCRIPTIVE_ONLY,results/experiments/v3_02a_refs/step_statistics.json
v3_02a/direct_linear/train_40k/steps:<=2/accuracy,v3_02a,direct_linear,train_40k,steps,<=2,accuracy,0.47642,0.45657 0.49737,2400,674,represented dev imageId,READ_FROM_SOURCE,2000,0,0 1 2,,v2_closed_vocab_top1_index_match,DIAGNOSTIC,DESCRIPTIVE_ONLY,results/experiments/v3_02a_refs/step_statistics.json
v3_02a/direct_linear/train_40k/steps:>=4_combined/deficit,v3_02a,direct_linear,train_40k,steps,>=4_combined,pooled >=4-step deficit,0.10025,0.08254 0.11827,1984,,represented dev imageId,DERIVED_FROM_SOURCE_BUCKET_COUNTS,2000,0,0 1 2,,v2_closed_vocab_top1_index_match,PRIMARY,DESCRIPTIVE_ONLY,results/experiments/v3_02a_refs/step_statistics.json
v3_02a/direct_linear/train_40k/steps:>=5/accuracy,v3_02a,direct_linear,train_40k,steps,>=5,accuracy,0.55171,0.52055 0.582,1114,531,represented dev imageId,READ_FROM_SOURCE,2000,0,0 1 2,,v2_closed_vocab_top1_index_match,DIAGNOSTIC,DESCRIPTIVE_ONLY,results/experiments/v3_02a_refs/step_statistics.json
v3_02a/fusion/train_40k/steps:3/accuracy,v3_02a,fusion,train_40k,steps,3,accuracy,0.50312,0.48522 0.52139,3330,658,represented dev imageId,READ_FROM_SOURCE,2000,0,0 1 2,,v2_closed_vocab_top1_index_match,DIAGNOSTIC,DESCRIPTIVE_ONLY,results/experiments/v3_02a_refs/step_statistics.json
v3_02a/fusion/train_40k/steps:4/accuracy,v3_02a,fusion,train_40k,steps,4,accuracy,0.53425,0.50177 0.56433,870,396,represented dev imageId,READ_FROM_SOURCE,2000,0,0 1 2,,v2_closed_vocab_top1_index_match,DIAGNOSTIC,DESCRIPTIVE_ONLY,results/experiments/v3_02a_refs/step_statistics.json
v3_02a/fusion/train_40k/steps:<=2/accuracy,v3_02a,fusion,train_40k,steps,<=2,accuracy,0.54942,0.53147 0.56744,2400,674,represented dev imageId,READ_FROM_SOURCE,2000,0,0 1 2,,v2_closed_vocab_top1_index_match,DIAGNOSTIC,DESCRIPTIVE_ONLY,results/experiments/v3_02a_refs/step_statistics.json
v3_02a/fusion/train_40k/steps:>=4_combined/deficit,v3_02a,fusion,train_40k,steps,>=4_combined,pooled >=4-step deficit,0.09175,0.07548 0.10771,1984,,represented dev imageId,DERIVED_FROM_SOURCE_BUCKET_COUNTS,2000,0,0 1 2,,v2_closed_vocab_top1_index_match,PRIMARY,DESCRIPTIVE_ONLY,results/experiments/v3_02a_refs/step_statistics.json
v3_02a/fusion/train_40k/steps:>=5/accuracy,v3_02a,fusion,train_40k,steps,>=5,accuracy,0.62334,0.59772 0.6496,1114,531,represented dev imageId,READ_FROM_SOURCE,2000,0,0 1 2,,v2_closed_vocab_top1_index_match,DIAGNOSTIC,DESCRIPTIVE_ONLY,results/experiments/v3_02a_refs/step_statistics.json
v3_02a/meanpatch_concat/train_40k/steps:3/accuracy,v3_02a,meanpatch_concat,train_40k,steps,3,accuracy,0.48751,0.4704 0.5045,3330,658,represented dev imageId,READ_FROM_SOURCE,2000,0,0 1 2,,v2_closed_vocab_top1_index_match,DIAGNOSTIC,DESCRIPTIVE_ONLY,results/experiments/v3_02a_refs/step_statistics.json
v3_02a/meanpatch_concat/train_40k/steps:4/accuracy,v3_02a,meanpatch_concat,train_40k,steps,4,accuracy,0.49241,0.45956 0.52534,870,396,represented dev imageId,READ_FROM_SOURCE,2000,0,0 1 2,,v2_closed_vocab_top1_index_match,DIAGNOSTIC,DESCRIPTIVE_ONLY,results/experiments/v3_02a_refs/step_statistics.json
v3_02a/meanpatch_concat/train_40k/steps:<=2/accuracy,v3_02a,meanpatch_concat,train_40k,steps,<=2,accuracy,0.53092,0.51484 0.54732,2400,674,represented dev imageId,READ_FROM_SOURCE,2000,0,0 1 2,,v2_closed_vocab_top1_index_match,DIAGNOSTIC,DESCRIPTIVE_ONLY,results/experiments/v3_02a_refs/step_statistics.json
v3_02a/meanpatch_concat/train_40k/steps:>=4_combined/deficit,v3_02a,meanpatch_concat,train_40k,steps,>=4_combined,pooled >=4-step deficit,0.10554,0.08901 0.12247,1984,,represented dev imageId,DERIVED_FROM_SOURCE_BUCKET_COUNTS,2000,0,0 1 2,,v2_closed_vocab_top1_index_match,PRIMARY,DESCRIPTIVE_ONLY,results/experiments/v3_02a_refs/step_statistics.json
v3_02a/meanpatch_concat/train_40k/steps:>=5/accuracy,v3_02a,meanpatch_concat,train_40k,steps,>=5,accuracy,0.57702,0.55113 0.6024,1114,531,represented dev imageId,READ_FROM_SOURCE,2000,0,0 1 2,,v2_closed_vocab_top1_index_match,DIAGNOSTIC,DESCRIPTIVE_ONLY,results/experiments/v3_02a_refs/step_statistics.json
v3_02a/product_576k/train_40k/steps:3/accuracy,v3_02a,product_576k,train_40k,steps,3,accuracy,0.50823,0.48935 0.52559,3330,658,represented dev imageId,READ_FROM_SOURCE,2000,0,0 1 2,,v2_closed_vocab_top1_index_match,DIAGNOSTIC,DESCRIPTIVE_ONLY,results/experiments/v3_02a_refs/step_statistics.json
v3_02a/product_576k/train_40k/steps:4/accuracy,v3_02a,product_576k,train_40k,steps,4,accuracy,0.5154,0.48182 0.54868,870,396,represented dev imageId,READ_FROM_SOURCE,2000,0,0 1 2,,v2_closed_vocab_top1_index_match,DIAGNOSTIC,DESCRIPTIVE_ONLY,results/experiments/v3_02a_refs/step_statistics.json
v3_02a/product_576k/train_40k/steps:<=2/accuracy,v3_02a,product_576k,train_40k,steps,<=2,accuracy,0.53925,0.52139 0.55702,2400,674,represented dev imageId,READ_FROM_SOURCE,2000,0,0 1 2,,v2_closed_vocab_top1_index_match,DIAGNOSTIC,DESCRIPTIVE_ONLY,results/experiments/v3_02a_refs/step_statistics.json
v3_02a/product_576k/train_40k/steps:>=4_combined/deficit,v3_02a,product_576k,train_40k,steps,>=4_combined,pooled >=4-step deficit,0.09784,0.0823 0.11449,1984,,represented dev imageId,DERIVED_FROM_SOURCE_BUCKET_COUNTS,2000,0,0 1 2,,v2_closed_vocab_top1_index_match,PRIMARY,DESCRIPTIVE_ONLY,results/experiments/v3_02a_refs/step_statistics.json
v3_02a/product_576k/train_40k/steps:>=5/accuracy,v3_02a,product_576k,train_40k,steps,>=5,accuracy,0.61113,0.58418 0.63618,1114,531,represented dev imageId,READ_FROM_SOURCE,2000,0,0 1 2,,v2_closed_vocab_top1_index_match,DIAGNOSTIC,DESCRIPTIVE_ONLY,results/experiments/v3_02a_refs/step_statistics.json
v3_02a/question_only/train_40k/steps:3/accuracy,v3_02a,question_only,train_40k,steps,3,accuracy,0.39592,0.3797 0.41225,3330,658,represented dev imageId,READ_FROM_SOURCE,2000,0,0 1 2,,v2_closed_vocab_top1_index_match,DIAGNOSTIC,DESCRIPTIVE_ONLY,results/experiments/v3_02a_refs/step_statistics.json
v3_02a/question_only/train_40k/steps:4/accuracy,v3_02a,question_only,train_40k,steps,4,accuracy,0.40851,0.37775 0.43747,870,396,represented dev imageId,READ_FROM_SOURCE,2000,0,0 1 2,,v2_closed_vocab_top1_index_match,DIAGNOSTIC,DESCRIPTIVE_ONLY,results/experiments/v3_02a_refs/step_statistics.json
v3_02a/question_only/train_40k/steps:<=2/accuracy,v3_02a,question_only,train_40k,steps,<=2,accuracy,0.49425,0.47688 0.51065,2400,674,represented dev imageId,READ_FROM_SOURCE,2000,0,0 1 2,,v2_closed_vocab_top1_index_match,DIAGNOSTIC,DESCRIPTIVE_ONLY,results/experiments/v3_02a_refs/step_statistics.json
v3_02a/question_only/train_40k/steps:>=4_combined/deficit,v3_02a,question_only,train_40k,steps,>=4_combined,pooled >=4-step deficit,0.0809,0.0671 0.09561,1984,,represented dev imageId,DERIVED_FROM_SOURCE_BUCKET_COUNTS,2000,0,0 1 2,,v2_closed_vocab_top1_index_match,PRIMARY,DESCRIPTIVE_ONLY,results/experiments/v3_02a_refs/step_statistics.json
v3_02a/question_only/train_40k/steps:>=5/accuracy,v3_02a,question_only,train_40k,steps,>=5,accuracy,0.60395,0.57851 0.62886,1114,531,represented dev imageId,READ_FROM_SOURCE,2000,0,0 1 2,,v2_closed_vocab_top1_index_match,DIAGNOSTIC,DESCRIPTIVE_ONLY,results/experiments/v3_02a_refs/step_statistics.json
v3_02a/reasoner/train_40k/steps:3/accuracy,v3_02a,reasoner,train_40k,steps,3,accuracy,0.50791,0.48967 0.52502,3330,658,represented dev imageId,READ_FROM_SOURCE,2000,0,0 1 2,,v2_closed_vocab_top1_index_match,DIAGNOSTIC,DESCRIPTIVE_ONLY,results/experiments/v3_02a_refs/step_statistics.json
v3_02a/reasoner/train_40k/steps:4/accuracy,v3_02a,reasoner,train_40k,steps,4,accuracy,0.52605,0.49718 0.55341,870,396,represented dev imageId,READ_FROM_SOURCE,2000,0,0 1 2,,v2_closed_vocab_top1_index_match,DIAGNOSTIC,DESCRIPTIVE_ONLY,results/experiments/v3_02a_refs/step_statistics.json
v3_02a/reasoner/train_40k/steps:<=2/accuracy,v3_02a,reasoner,train_40k,steps,<=2,accuracy,0.55944,0.54307 0.57576,2400,674,represented dev imageId,READ_FROM_SOURCE,2000,0,0 1 2,,v2_closed_vocab_top1_index_match,DIAGNOSTIC,DESCRIPTIVE_ONLY,results/experiments/v3_02a_refs/step_statistics.json
v3_02a/reasoner/train_40k/steps:>=4_combined/deficit,v3_02a,reasoner,train_40k,steps,>=4_combined,pooled >=4-step deficit,0.09795,0.08236 0.11434,1984,,represented dev imageId,DERIVED_FROM_SOURCE_BUCKET_COUNTS,2000,0,0 1 2,,v2_closed_vocab_top1_index_match,PRIMARY,DESCRIPTIVE_ONLY,results/experiments/v3_02a_refs/step_statistics.json
v3_02a/reasoner/train_40k/steps:>=5/accuracy,v3_02a,reasoner,train_40k,steps,>=5,accuracy,0.62029,0.59971 0.63998,1114,531,represented dev imageId,READ_FROM_SOURCE,2000,0,0 1 2,,v2_closed_vocab_top1_index_match,DIAGNOSTIC,DESCRIPTIVE_ONLY,results/experiments/v3_02a_refs/step_statistics.json
